2019-08-19 17:23:20.130445,4.8,20,16.0,15
2019-08-19 17:23:32.619475,4.3,18,15.8,14
2019-08-19 17:23:45.109051,4.5,19,14.4,13
2019-08-19 17:23:57.599476,4.5,19,20.3,19
2019-08-19 17:24:10.088828,5.3,22,16.2,15
2019-08-19 17:24:22.579284,6.3,26,23.8,21
2019-08-19 17:24:35.067794,4.8,20,12.1,11
2019-08-19 17:24:47.556414,4.7,20,13.9,12
2019-08-19 17:25:00.045479,4.9,20,20.1,19
2019-08-19 17:25:12.535394,4.8,20,19.0,18
2019-08-19 17:25:25.023928,5.2,22,12.3,11
2019-08-19 17:25:37.514968,5.3,22,15.8,14
2019-08-19 17:25:50.005549,5.0,21,14.0,13
2019-08-19 17:26:02.495245,4.5,19,11.8,10
2019-08-19 17:29:13.528758,5.7,24,11.4,10
2019-08-19 17:29:56.048729,4.7,20,14.2,13
2019-08-19 17:30:38.568485,5.0,21,13.1,12
2019-08-19 17:31:21.087084,4.9,20,17.0,16
2019-08-19 17:32:03.599402,4.8,20,13.7,12
2019-08-19 17:32:46.110716,4.2,18,21.8,19
2019-08-19 17:33:28.618576,3.8,16,10.1,9
2019-08-19 17:34:11.138626,4.4,18,9.4,8
2019-08-19 17:34:53.651802,4.9,20,15.6,14
2019-08-19 17:36:29.865908,4.4,18,9.3,8
2019-08-19 17:37:12.378371,4.1,17,12.5,11
2019-08-19 17:37:54.900136,4.2,18,13.4,12
2019-08-19 18:26:58.061555,3.4,14,9.6,8
2019-08-19 18:28:10.935569,4.5,19,10.6,9
2019-08-19 18:29:23.828747,5.2,22,10.9,9
2019-08-19 18:30:36.739298,4.3,18,14.8,13
2019-08-19 18:31:49.675521,5.0,21,17.2,16
2019-08-19 18:33:02.554802,5.4,22,10.9,9
2019-08-19 18:34:15.440442,5.3,22,48.1,44
2019-08-19 18:35:28.373812,5.3,22,23.0,21
2019-08-19 18:36:41.437186,6.1,25,20.7,19
2019-08-19 18:37:54.290084,5.0,21,15.7,14
2019-08-19 18:39:07.204397,4.7,20,17.5,16
2019-08-19 18:40:20.124293,5.4,22,11.2,10
2019-08-19 18:41:33.009999,7.7,32,18.6,17
2019-08-19 18:42:45.939523,8.3,35,26.6,24
2019-08-19 18:48:42.132885,8.9,37,23.8,21
2019-08-19 18:49:55.039605,7.6,32,21.1,19
2019-08-19 18:51:07.931991,7.6,32,15.3,14
2019-08-19 18:52:20.861114,7.6,32,25.0,23
2019-08-19 18:53:33.732731,8.7,36,18.5,17
2019-08-19 18:59:46.968950,7.0,29,18.7,17
2019-08-19 19:00:59.865721,6.0,25,12.8,11
2019-08-19 19:02:12.797146,6.8,28,18.9,17
2019-08-19 19:03:25.679051,7.3,30,21.7,19
2019-08-19 19:04:38.565901,8.0,33,28.9,26
2019-08-19 19:05:51.523335,7.4,31,24.1,22
2019-08-19 19:07:04.398727,7.4,31,25.4,23
2019-08-19 19:08:17.425220,7.2,30,25.1,23
2019-08-19 19:09:30.351937,6.2,26,26.8,24
2019-08-19 19:10:43.240462,6.8,28,27.6,25
2019-08-19 19:11:56.184123,7.4,31,17.4,16
2019-08-19 19:13:09.068839,6.4,27,19.8,18
2019-08-19 19:14:21.993845,5.6,23,23.7,21
2019-08-19 19:15:34.882703,6.2,26,12.9,11
2019-08-19 19:16:47.831237,6.1,25,17.0,16
2019-08-19 19:18:00.844257,6.0,25,13.7,12
2019-08-19 19:19:13.776297,5.8,24,14.2,13
2019-08-19 19:20:27.025213,5.5,23,17.8,16
2019-08-19 19:21:39.910877,5.6,23,13.0,12
2019-08-19 19:22:52.887570,6.6,28,16.9,15
2019-08-19 19:24:05.834998,6.3,26,23.6,21
2019-08-19 19:25:18.886882,5.9,25,17.9,16
2019-08-19 19:26:31.828889,5.5,23,11.9,10
2019-08-19 19:27:44.921422,5.4,22,12.2,11
2019-08-19 19:28:57.839278,6.3,26,16.1,15
2019-08-19 19:30:10.730242,5.7,24,17.0,16
2019-08-19 19:31:23.610449,5.8,24,12.9,11
2019-08-19 19:32:36.457921,5.5,23,9.1,8
2019-08-19 19:33:49.376757,5.2,22,15.8,14
2019-08-19 19:35:02.308586,5.1,21,16.2,15
2019-08-19 19:36:15.240839,5.3,22,13.7,12
2019-08-19 19:37:28.188834,5.8,24,18.0,17
2019-08-19 19:38:41.111762,5.6,23,17.7,16
2019-08-19 19:39:53.990799,4.8,20,10.4,9
2019-08-19 19:41:06.885613,4.7,20,11.5,10
2019-08-19 19:42:19.887959,5.0,21,8.2,7
2019-08-19 19:43:32.780377,5.0,21,18.8,17
2019-08-19 19:44:45.976222,4.7,20,9.7,8
2019-08-19 19:45:58.873466,5.2,22,27.6,25
2019-08-19 19:47:11.812265,4.6,19,11.1,10
2019-08-19 19:48:24.751979,4.8,20,12.4,11
2019-08-19 19:49:37.589909,4.8,20,15.7,14
2019-08-19 19:50:50.468226,4.6,19,12.9,11
2019-08-19 19:52:03.365067,4.3,18,12.8,11
2019-08-19 19:53:16.205347,5.8,24,14.3,13
2019-08-19 19:54:29.132487,3.8,16,7.9,6
2019-08-19 19:55:42.103019,4.1,17,8.7,7
2019-08-19 19:56:55.090301,4.4,18,10.1,9
2019-08-19 19:58:07.958098,4.4,18,8.3,7
2019-08-19 19:59:20.832728,4.3,18,16.3,15
2019-08-19 20:00:33.734904,4.6,19,10.9,9
2019-08-19 20:01:46.836556,4.1,17,7.2,6
2019-08-19 20:02:59.751535,4.5,19,10.4,9
2019-08-19 20:04:12.637501,4.4,18,20.6,19
2019-08-19 20:05:25.534561,4.5,19,11.5,10
2019-08-19 20:06:38.465276,4.5,19,11.1,10
2019-08-19 20:07:51.322857,4.0,17,14.2,13
2019-08-19 20:09:04.250940,3.8,16,6.9,6
2019-08-19 20:10:17.127791,3.7,15,6.9,6
2019-08-19 20:11:30.111158,4.0,17,6.5,6
2019-08-19 20:12:43.115367,3.8,16,9.9,8
2019-08-19 20:13:55.949365,4.9,20,15.8,14
2019-08-19 20:15:08.886176,3.8,16,8.0,7
2019-08-19 20:16:21.832663,4.2,18,6.9,6
2019-08-19 20:17:34.777564,4.1,17,16.0,15
2019-08-19 20:18:47.774309,4.5,19,13.8,12
2019-08-19 20:20:00.607691,4.4,18,7.9,6
2019-08-19 20:21:13.570317,4.0,17,10.3,9
2019-08-19 20:22:26.504616,4.1,17,8.1,7
2019-08-19 20:23:39.435397,4.0,17,8.8,7
2019-08-19 20:24:52.330010,3.2,13,7.1,6
2019-08-19 20:26:05.211464,4.1,17,7.9,6
2019-08-19 20:27:18.158215,4.6,19,11.2,10
2019-08-19 20:28:31.093437,4.4,18,9.2,8
2019-08-19 20:29:44.076375,4.4,18,8.1,7
2019-08-19 20:30:57.012657,4.5,19,11.1,10
2019-08-19 20:32:09.979339,3.7,15,16.0,15
2019-08-19 20:33:22.895259,4.5,19,8.6,7
2019-08-19 20:34:35.777314,4.4,18,14.3,13
2019-08-19 20:35:49.024281,3.7,15,11.6,10
2019-08-19 20:37:01.976064,4.2,18,9.0,8
2019-08-19 20:38:14.914952,4.0,17,7.7,6
2019-08-19 20:39:27.988219,3.6,15,8.6,7
2019-08-19 20:40:40.880823,3.3,14,5.2,5
2019-08-19 20:41:53.813350,3.3,14,6.4,6
2019-08-19 20:43:06.755089,3.9,16,10.0,9
2019-08-19 20:44:19.609760,4.6,19,8.8,7
2019-08-19 20:45:32.498190,4.0,17,7.9,6
2019-08-19 20:46:45.662428,3.5,15,6.2,6
2019-08-19 20:47:58.529487,4.2,18,7.8,6
2019-08-19 20:49:11.461777,3.7,15,7.2,6
2019-08-19 20:50:24.375444,3.6,15,5.7,5
2019-08-19 20:51:37.265795,3.6,15,7.3,6
2019-08-19 20:52:50.195623,3.6,15,9.3,8
2019-08-19 20:54:03.135920,3.7,15,7.8,6
2019-08-19 20:55:16.016668,4.2,18,8.1,7
2019-08-19 20:56:28.960664,4.3,18,10.8,9
2019-08-19 20:57:41.906655,4.0,17,11.9,10
2019-08-19 20:58:54.850414,4.6,19,10.2,9
2019-08-19 21:00:07.781852,3.4,14,5.3,5
2019-08-19 21:01:20.712676,3.7,15,8.0,7
2019-08-19 21:02:33.690237,3.2,13,7.2,6
2019-08-19 21:03:46.710409,4.0,17,6.8,6
2019-08-19 21:04:59.595205,4.2,18,6.7,6
2019-08-19 21:06:12.526929,3.5,15,6.4,6
2019-08-19 21:07:25.416956,3.7,15,6.7,6
2019-08-19 21:08:38.299225,3.3,14,6.0,6
2019-08-19 21:09:51.182973,4.2,18,7.5,6
2019-08-19 21:11:04.113765,3.2,13,5.2,5
2019-08-19 21:12:17.046142,3.0,12,5.3,5
2019-08-19 21:13:29.981468,3.7,15,4.8,4
2019-08-19 21:14:42.877845,3.0,12,4.3,4
2019-08-19 21:15:55.812192,3.5,15,5.8,5
2019-08-19 21:17:08.685790,3.1,13,5.4,5
2019-08-19 21:18:21.607897,3.6,15,8.5,7
2019-08-19 21:19:34.551506,3.3,14,7.5,6
2019-08-19 21:20:47.640033,3.8,16,5.3,5
2019-08-19 21:22:00.625602,3.7,15,6.0,6
2019-08-19 21:23:13.561363,3.6,15,8.0,7
2019-08-19 21:24:26.510676,3.1,13,4.3,4
2019-08-19 21:25:39.491089,2.8,12,6.0,6
2019-08-19 21:26:52.438841,3.2,13,6.0,6
2019-08-19 21:28:05.497058,3.2,13,10.6,9
2019-08-19 21:29:18.500262,2.8,12,5.9,5
2019-08-19 21:30:31.428287,3.0,12,5.0,5
2019-08-19 21:31:44.399847,2.7,11,4.8,4
2019-08-19 21:32:57.296160,3.2,13,5.2,5
2019-08-19 21:34:10.240294,2.9,12,6.1,6
2019-08-19 21:35:23.134744,3.6,15,4.4,4
2019-08-19 21:36:36.015982,2.9,12,5.8,5
2019-08-19 21:37:48.921560,3.1,13,7.8,6
2019-08-19 21:39:01.914041,3.4,14,8.2,7
2019-08-19 21:40:14.862198,3.2,13,6.5,6
2019-08-19 21:41:27.789334,3.2,13,6.5,6
2019-08-19 21:42:40.722872,2.8,12,9.8,8
2019-08-19 21:43:53.670594,3.2,13,6.5,6
2019-08-19 21:45:06.608387,2.6,11,5.7,5
2019-08-19 21:46:19.564076,3.3,14,7.3,6
2019-08-19 21:47:32.497376,2.5,10,4.0,4
2019-08-19 21:48:45.526775,3.4,14,8.1,7
2019-08-19 21:49:58.397600,3.1,13,5.2,5
2019-08-19 21:51:11.282815,2.8,12,6.9,6
2019-08-19 21:52:24.268616,3.3,14,5.0,5
2019-08-19 21:53:37.204294,3.3,14,4.4,4
2019-08-19 21:54:50.186656,2.6,11,5.8,5
2019-08-19 21:56:03.148147,2.9,12,6.3,6
2019-08-19 21:57:16.073933,3.1,13,7.3,6
2019-08-19 21:58:28.946492,3.0,12,5.8,5
2019-08-19 21:59:41.873302,3.0,12,3.7,3
2019-08-19 22:00:54.798490,3.1,13,7.0,6
2019-08-19 22:02:07.709844,2.9,12,3.9,3
2019-08-19 22:03:20.674778,2.8,12,4.6,4
2019-08-19 22:04:33.599214,2.6,11,3.4,3
2019-08-19 22:05:46.747912,3.0,12,8.9,7
2019-08-19 22:06:59.601680,2.6,11,5.4,5
2019-08-19 22:08:12.580974,3.2,13,5.0,5
2019-08-19 22:09:25.603616,2.5,10,3.3,3
2019-08-19 22:10:38.478699,3.0,12,5.3,5
2019-08-19 22:11:51.349654,2.7,11,4.0,4
2019-08-19 22:13:04.252252,3.0,12,5.8,5
2019-08-19 22:14:17.183140,2.7,11,5.4,5
2019-08-19 22:15:30.071652,2.9,12,3.8,3
2019-08-19 22:16:42.952132,2.6,11,4.4,4
2019-08-19 22:17:55.834758,2.9,12,5.9,5
2019-08-19 22:19:08.765334,2.5,10,3.0,3
2019-08-19 22:20:21.646722,2.7,11,5.0,5
2019-08-19 22:21:34.526820,2.5,10,3.1,3
2019-08-19 22:22:47.723749,2.4,10,3.2,3
2019-08-19 22:24:00.579669,2.7,11,4.5,4
2019-08-19 22:25:13.427513,2.8,12,5.7,5
2019-08-19 22:26:26.406613,2.2,9,3.7,3
2019-08-19 22:27:39.339809,2.7,11,5.2,5
2019-08-19 22:28:52.204281,2.6,11,3.4,3
2019-08-19 22:30:05.127919,2.6,11,4.2,4
2019-08-19 22:31:17.988458,2.6,11,3.6,3
2019-08-19 22:32:30.867074,2.6,11,5.4,5
2019-08-19 22:33:43.779878,2.7,11,4.9,4
2019-08-19 22:34:56.697098,2.8,12,5.1,5
2019-08-19 22:36:09.575808,2.4,10,3.5,3
2019-08-19 22:37:22.417074,2.4,10,3.3,3
2019-08-19 22:38:35.300729,3.0,12,4.3,4
2019-08-19 22:39:48.273938,2.3,10,3.5,3
2019-08-19 22:41:01.202312,2.6,11,3.9,3
2019-08-19 22:42:14.092907,2.5,10,5.7,5
2019-08-19 22:43:27.023483,2.4,10,4.3,4
2019-08-19 22:44:39.952183,2.5,10,4.5,4
2019-08-19 22:45:52.858986,2.7,11,4.3,4
2019-08-19 22:47:05.794289,2.4,10,4.1,4
2019-08-19 22:48:18.729846,2.0,8,2.9,2
2019-08-19 22:49:31.694533,2.0,8,2.6,2
2019-08-19 22:50:44.741665,2.0,8,2.3,2
2019-08-19 22:51:57.622140,2.4,10,4.0,4
2019-08-19 22:53:10.574939,2.4,10,3.9,3
2019-08-19 22:54:23.447170,2.6,11,3.8,3
2019-08-19 22:55:36.382697,2.7,11,5.6,5
2019-08-19 22:56:49.318777,2.5,10,3.9,3
2019-08-19 22:58:02.251017,2.2,9,3.4,3
2019-08-19 22:59:15.132019,2.2,9,3.5,3
2019-08-19 23:00:28.017455,2.2,9,6.0,6
2019-08-19 23:01:40.944201,2.7,11,3.9,3
2019-08-19 23:02:53.852186,2.9,12,8.5,7
2019-08-19 23:04:06.828452,2.3,10,3.5,3
2019-08-19 23:05:19.809633,2.6,11,4.4,4
2019-08-19 23:06:32.644833,2.4,10,3.7,3
2019-08-19 23:07:45.752376,2.1,9,4.0,4
2019-08-19 23:08:58.767763,1.9,8,2.4,2
2019-08-19 23:10:11.672590,2.5,10,4.3,4
2019-08-19 23:11:24.539901,2.2,9,3.1,3
2019-08-19 23:12:37.394961,1.7,7,2.3,2
2019-08-19 23:13:50.307880,2.6,11,5.9,5
2019-08-19 23:15:03.249206,2.5,10,3.8,3
2019-08-19 23:16:16.157102,2.2,9,3.4,3
2019-08-19 23:17:29.134981,2.4,10,7.2,6
2019-08-19 23:18:42.018284,2.5,10,3.2,3
2019-08-19 23:19:55.000741,2.1,9,3.0,3
2019-08-19 23:21:07.924552,2.2,9,2.9,2
2019-08-19 23:22:20.762322,2.5,10,3.9,3
2019-08-19 23:23:33.689587,2.3,10,4.8,4
2019-08-19 23:24:46.800160,1.9,8,2.2,2
2019-08-19 23:25:59.748777,2.3,10,3.8,3
2019-08-19 23:27:12.677614,1.8,8,2.7,2
2019-08-19 23:28:25.608467,1.9,8,2.6,2
2019-08-19 23:29:38.494698,2.0,8,3.1,3
2019-08-19 23:30:51.356132,2.2,9,3.6,3
2019-08-19 23:32:04.234039,2.0,8,3.1,3
2019-08-19 23:33:17.069124,2.2,9,3.2,3
2019-08-19 23:34:30.019248,1.9,8,2.5,2
2019-08-19 23:35:42.973947,2.3,10,3.4,3
2019-08-19 23:36:55.917724,2.5,10,4.2,4
2019-08-19 23:38:08.793258,2.3,10,3.9,3
2019-08-19 23:39:21.722950,2.2,9,3.1,3
2019-08-19 23:40:34.599937,2.2,9,3.2,3
2019-08-19 23:41:47.663328,2.5,10,3.1,3
2019-08-19 23:43:00.556537,2.1,9,3.5,3
2019-08-19 23:44:13.472569,2.1,9,4.2,4
2019-08-19 23:45:26.366189,2.0,8,2.9,2
2019-08-19 23:46:39.298432,2.2,9,2.6,2
2019-08-19 23:47:52.230854,2.0,8,2.5,2
2019-08-19 23:49:05.112297,2.3,10,2.9,2
2019-08-19 23:50:18.005157,1.9,8,2.7,2
2019-08-19 23:51:30.887324,2.0,8,2.3,2
2019-08-19 23:52:43.817544,2.1,9,2.6,2
2019-08-19 23:53:56.792178,2.3,10,2.8,2
2019-08-19 23:55:09.702220,1.8,8,3.1,3
2019-08-19 23:56:22.575204,2.2,9,2.7,2
2019-08-19 23:57:35.465230,2.2,9,3.8,3
2019-08-19 23:58:48.340991,1.7,7,2.0,2
2019-08-20 00:00:01.274705,2.1,9,3.0,3
2019-08-20 00:01:14.156470,2.5,10,3.5,3
2019-08-20 00:02:27.002926,1.9,8,2.7,2
2019-08-20 00:03:39.912503,2.5,10,5.9,5
2019-08-20 00:04:52.762326,2.1,9,2.6,2
2019-08-20 00:06:05.673698,2.2,9,3.0,3
2019-08-20 00:07:18.535550,2.0,8,2.5,2
2019-08-20 00:08:31.415644,1.9,8,2.8,2
2019-08-20 00:09:44.366822,1.9,8,2.5,2
2019-08-20 00:10:57.237844,1.8,8,2.6,2
2019-08-20 00:12:10.172771,2.2,9,4.4,4
2019-08-20 00:13:23.002038,1.9,8,2.1,2
2019-08-20 00:14:35.879293,1.9,8,2.5,2
2019-08-20 00:15:48.755784,1.9,8,2.7,2
2019-08-20 00:17:01.700543,1.7,7,2.9,2
2019-08-20 00:18:14.672124,2.1,9,3.9,3
2019-08-20 00:19:27.542455,1.9,8,2.6,2
2019-08-20 00:20:40.426574,2.1,9,2.6,2
2019-08-20 00:21:53.307296,1.7,7,2.1,2
2019-08-20 00:23:06.216289,1.8,8,2.6,2
2019-08-20 00:24:19.140029,1.7,7,2.2,2
2019-08-20 00:25:32.072102,2.1,9,3.0,3
2019-08-20 00:26:46.393294,1.6,7,1.7,1
2019-08-20 00:27:59.322989,2.0,8,4.1,4
2019-08-20 00:29:12.246289,1.6,7,2.6,2
2019-08-20 00:30:25.207927,1.7,7,1.9,1
2019-08-20 00:31:38.170579,1.6,7,2.2,2
2019-08-20 00:32:51.093713,1.8,8,2.8,2
2019-08-20 00:34:04.077262,2.1,9,4.0,4
2019-08-20 00:35:17.945464,1.6,7,2.4,2
2019-08-20 00:36:30.821926,2.4,10,3.5,3
2019-08-20 00:37:44.123204,1.8,8,3.9,3
2019-08-20 00:38:56.951667,1.9,8,2.6,2
2019-08-20 00:40:09.880166,1.6,7,2.3,2
2019-08-20 00:41:22.778666,2.0,8,2.6,2
2019-08-20 00:42:35.655190,1.7,7,3.6,3
2019-08-20 00:43:48.650054,2.2,9,4.2,4
2019-08-20 00:45:01.576138,1.8,8,2.3,2
2019-08-20 00:46:14.481587,1.8,8,2.0,2
2019-08-20 00:47:27.365761,1.8,8,2.4,2
2019-08-20 00:48:40.295962,1.7,7,2.3,2
2019-08-20 00:49:53.224060,1.9,8,2.7,2
2019-08-20 00:51:06.230291,1.7,7,1.8,1
2019-08-20 00:52:19.111121,1.7,7,2.4,2
2019-08-20 00:53:32.001960,1.6,7,3.0,3
2019-08-20 00:54:45.027785,1.5,6,1.7,1
2019-08-20 00:55:58.005369,1.6,7,1.7,1
2019-08-20 00:57:10.941033,1.5,6,2.1,2
2019-08-20 00:58:23.920179,2.0,8,2.7,2
2019-08-20 00:59:36.802615,2.0,8,2.8,2
2019-08-20 01:00:49.749695,1.6,7,2.1,2
2019-08-20 01:02:02.658409,1.7,7,2.8,2
2019-08-20 01:03:15.510798,1.6,7,1.8,1
2019-08-20 01:04:28.419981,1.5,6,1.7,1
2019-08-20 01:05:41.352564,1.6,7,2.4,2
2019-08-20 01:06:54.193081,1.8,8,3.4,3
2019-08-20 01:08:07.074212,1.9,8,2.8,2
2019-08-20 01:09:19.906514,2.0,8,3.0,3
2019-08-20 01:10:32.798824,1.9,8,6.9,6
2019-08-20 01:11:45.901879,1.4,6,1.8,1
2019-08-20 01:12:58.790429,1.5,6,2.1,2
2019-08-20 01:14:11.629288,1.8,8,2.9,2
2019-08-20 01:15:24.573207,1.6,7,2.2,2
2019-08-20 01:16:37.462342,1.5,6,1.8,1
2019-08-20 01:17:50.361883,1.9,8,2.4,2
2019-08-20 01:19:03.284637,1.9,8,2.1,2
2019-08-20 01:20:16.214253,1.8,8,2.4,2
2019-08-20 01:21:29.056512,1.5,6,2.1,2
2019-08-20 01:22:41.945727,1.8,8,2.7,2
2019-08-20 01:23:54.831557,1.5,6,1.8,1
2019-08-20 01:25:07.764223,1.7,7,2.8,2
2019-08-20 01:26:20.765030,2.1,9,2.6,2
2019-08-20 01:27:33.649088,1.8,8,2.0,2
2019-08-20 01:28:46.770565,1.9,8,2.5,2
2019-08-20 01:29:59.696500,1.8,8,2.4,2
2019-08-20 01:31:12.630538,1.9,8,2.2,2
2019-08-20 01:32:25.630331,1.7,7,2.3,2
2019-08-20 01:33:38.650784,1.6,7,2.3,2
2019-08-20 01:34:51.552941,1.5,6,2.4,2
2019-08-20 01:36:04.490147,1.4,6,1.6,1
2019-08-20 01:37:17.340813,1.5,6,1.7,1
2019-08-20 01:38:30.225569,1.6,7,2.1,2
2019-08-20 01:39:43.116470,1.8,8,2.6,2
2019-08-20 01:40:56.100860,1.3,5,1.4,1
2019-08-20 01:42:08.976465,1.6,7,1.8,1
2019-08-20 01:43:21.905333,1.8,8,2.3,2
2019-08-20 01:44:34.807202,1.3,5,1.7,1
2019-08-20 01:45:47.898559,1.6,7,2.1,2
2019-08-20 01:47:00.765015,1.5,6,1.9,1
2019-08-20 01:48:13.662025,1.8,8,2.4,2
2019-08-20 01:49:26.593883,1.5,6,2.5,2
2019-08-20 01:50:39.521602,1.7,7,2.0,2
2019-08-20 01:51:52.391350,1.3,5,1.4,1
2019-08-20 01:53:05.279717,1.4,6,2.0,2
2019-08-20 01:54:18.211573,1.9,8,3.0,3
2019-08-20 01:55:31.144594,1.6,7,2.8,2
2019-08-20 01:56:44.188988,1.5,6,1.8,1
2019-08-20 01:57:57.036630,1.6,7,2.3,2
2019-08-20 01:59:09.963781,1.6,7,1.8,1
2019-08-20 02:00:22.903266,1.6,7,1.7,1
2019-08-20 02:01:35.831960,1.3,5,5.4,5
2019-08-20 02:02:48.759373,1.4,6,1.9,1
2019-08-20 02:04:01.651164,1.7,7,2.0,2
2019-08-20 02:05:14.575541,1.6,7,2.5,2
2019-08-20 02:06:27.518246,1.4,6,1.5,1
2019-08-20 02:07:40.480995,1.2,5,1.3,1
2019-08-20 02:08:53.374578,1.4,6,1.8,1
2019-08-20 02:10:06.302093,1.9,8,2.1,2
2019-08-20 02:11:19.258754,1.6,7,2.0,2
2019-08-20 02:12:32.190018,1.6,7,2.2,2
2019-08-20 02:13:45.256278,1.4,6,1.5,1
2019-08-20 02:14:58.231816,1.8,8,2.8,2
2019-08-20 02:16:11.203807,1.4,6,1.9,1
2019-08-20 02:17:24.089738,1.3,5,1.7,1
2019-08-20 02:18:36.955798,1.4,6,6.1,6
2019-08-20 02:19:49.833194,1.2,5,1.8,1
2019-08-20 02:21:02.757232,1.5,6,1.8,1
2019-08-20 02:22:15.642704,1.4,6,1.7,1
2019-08-20 02:23:28.465687,1.5,6,1.8,1
2019-08-20 02:24:41.374905,1.2,5,1.3,1
2019-08-20 02:25:54.193872,1.3,5,1.4,1
2019-08-20 02:27:07.075191,1.2,5,1.3,1
2019-08-20 02:28:20.005066,1.3,5,1.6,1
2019-08-20 02:29:32.929754,1.7,7,4.3,4
2019-08-20 02:30:45.958421,1.6,7,1.8,1
2019-08-20 02:31:58.840563,1.2,5,1.4,1
2019-08-20 02:33:11.754831,1.3,5,1.7,1
2019-08-20 02:34:24.604222,1.2,5,1.8,1
2019-08-20 02:35:37.541963,1.5,6,2.0,2
2019-08-20 02:36:50.426106,1.3,5,1.4,1
2019-08-20 02:38:03.293177,1.4,6,2.6,2
2019-08-20 02:39:16.184583,1.4,6,2.0,2
2019-08-20 02:40:29.026723,1.4,6,2.1,2
2019-08-20 02:41:41.986934,1.5,6,2.6,2
2019-08-20 02:42:54.866508,1.1,5,1.2,1
2019-08-20 02:44:07.752594,1.2,5,1.6,1
2019-08-20 02:45:20.575698,1.6,7,2.2,2
2019-08-20 02:46:33.451475,1.0,4,1.7,1
2019-08-20 02:47:46.481753,1.7,7,2.0,2
2019-08-20 02:48:59.433849,1.3,5,1.8,1
2019-08-20 02:50:12.290342,1.6,7,2.2,2
2019-08-20 02:51:25.263716,1.3,5,1.7,1
2019-08-20 02:52:38.173601,1.6,7,2.1,2
2019-08-20 02:53:51.109584,1.5,6,1.7,1
2019-08-20 02:55:04.032277,1.3,5,1.9,1
2019-08-20 02:56:16.919174,1.1,5,1.3,1
2019-08-20 02:57:29.856494,1.5,6,1.7,1
2019-08-20 02:58:42.833060,1.3,5,1.4,1
2019-08-20 02:59:55.744028,1.5,6,1.9,1
2019-08-20 03:01:08.679966,1.2,5,1.8,1
2019-08-20 03:02:21.609354,1.3,5,1.5,1
2019-08-20 03:03:34.497932,1.3,5,2.2,2
2019-08-20 03:04:47.534220,1.6,7,1.8,1
2019-08-20 03:06:00.463967,1.2,5,1.7,1
2019-08-20 03:07:13.336743,1.3,5,1.7,1
2019-08-20 03:08:26.761490,1.1,5,1.4,1
2019-08-20 03:09:39.735776,1.2,5,1.3,1
2019-08-20 03:10:52.713670,1.3,5,1.4,1
2019-08-20 03:12:05.592005,1.4,6,1.6,1
2019-08-20 03:13:18.514507,1.3,5,1.5,1
2019-08-20 03:14:31.391069,1.7,7,2.0,2
2019-08-20 03:15:44.401686,1.3,5,1.9,1
2019-08-20 03:16:57.283654,1.3,5,1.7,1
2019-08-20 03:18:10.166203,1.1,5,1.8,1
2019-08-20 03:19:22.992489,0.8,3,1.0,1
2019-08-20 03:20:35.853437,1.2,5,1.5,1
2019-08-20 03:21:48.795610,1.2,5,1.4,1
2019-08-20 03:23:01.725053,1.2,5,2.0,2
2019-08-20 03:24:14.580293,1.5,6,1.6,1
2019-08-20 03:25:27.465587,1.0,4,1.1,1
2019-08-20 03:26:40.367107,1.1,5,1.2,1
2019-08-20 03:27:53.301649,1.1,5,1.1,1
2019-08-20 03:29:06.203379,1.4,6,2.1,2
2019-08-20 03:30:19.131910,1.3,5,1.6,1
2019-08-20 03:31:32.087481,1.1,5,1.2,1
2019-08-20 03:32:45.136139,1.1,5,1.2,1
2019-08-20 03:33:58.019634,1.0,4,1.4,1
2019-08-20 03:35:10.945296,1.2,5,1.4,1
2019-08-20 03:36:23.808555,1.1,5,1.5,1
2019-08-20 03:37:36.718490,1.4,6,1.5,1
2019-08-20 03:38:49.644499,1.4,6,2.0,2
2019-08-20 03:40:02.567004,1.4,6,1.5,1
2019-08-20 03:41:15.504899,1.1,5,1.2,1
2019-08-20 03:42:28.395137,1.3,5,2.1,2
2019-08-20 03:43:41.324502,1.2,5,1.6,1
2019-08-20 03:44:54.154859,1.1,5,1.3,1
2019-08-20 03:46:06.970802,1.1,5,1.3,1
2019-08-20 03:47:19.799274,1.0,4,1.6,1
2019-08-20 03:48:32.683571,1.4,6,1.5,1
2019-08-20 03:49:45.838688,1.4,6,1.8,1
2019-08-20 03:50:58.681614,1.1,5,1.8,1
2019-08-20 03:52:11.615593,1.0,4,1.2,1
2019-08-20 03:53:24.451910,1.5,6,1.7,1
2019-08-20 03:54:37.316967,1.3,5,1.8,1
2019-08-20 03:55:50.188851,1.3,5,1.6,1
2019-08-20 03:57:03.204877,1.0,4,1.2,1
2019-08-20 03:58:16.111457,1.1,5,1.2,1
2019-08-20 03:59:29.063017,1.1,5,1.7,1
2019-08-20 04:00:41.946755,1.4,6,1.7,1
2019-08-20 04:01:54.821896,1.0,4,1.1,1
2019-08-20 04:03:07.753793,1.3,5,2.4,2
2019-08-20 04:04:20.640137,1.2,5,1.3,1
2019-08-20 04:05:33.479654,1.2,5,1.8,1
2019-08-20 04:06:46.533926,0.9,4,1.0,1
2019-08-20 04:07:59.438038,1.3,5,1.6,1
2019-08-20 04:09:12.412138,1.2,5,1.6,1
2019-08-20 04:10:25.287751,1.2,5,1.4,1
2019-08-20 04:11:38.177365,1.2,5,2.0,2
2019-08-20 04:12:51.104840,1.3,5,1.8,1
2019-08-20 04:14:03.990214,1.3,5,1.5,1
2019-08-20 04:15:16.886433,1.0,4,1.3,1
2019-08-20 04:16:29.726060,1.1,5,1.5,1
2019-08-20 04:17:42.666189,1.0,4,1.2,1
2019-08-20 04:18:55.596834,1.0,4,1.4,1
2019-08-20 04:20:08.485119,1.3,5,2.0,2
2019-08-20 04:21:21.414941,1.2,5,2.1,2
2019-08-20 04:22:34.400735,1.3,5,1.4,1
2019-08-20 04:23:47.435634,1.0,4,1.4,1
2019-08-20 04:25:00.372165,1.3,5,1.7,1
2019-08-20 04:26:13.296569,1.2,5,1.8,1
2019-08-20 04:27:26.182390,1.5,6,1.7,1
2019-08-20 04:28:39.109717,1.3,5,1.6,1
2019-08-20 04:29:51.977071,1.0,4,1.8,1
2019-08-20 04:31:04.814917,1.0,4,2.0,2
2019-08-20 04:32:17.736789,0.9,4,1.0,1
2019-08-20 04:33:30.563392,0.9,4,1.0,1
2019-08-20 04:34:43.494935,1.1,5,1.2,1
2019-08-20 04:35:56.363963,1.1,5,1.3,1
2019-08-20 04:37:09.244762,1.4,6,1.5,1
2019-08-20 04:38:22.126132,1.1,5,1.5,1
2019-08-20 04:39:35.058127,1.2,5,1.4,1
2019-08-20 04:40:48.091272,1.0,4,1.1,1
2019-08-20 04:42:01.263393,1.0,4,1.3,1
2019-08-20 04:43:14.147026,1.1,5,1.2,1
2019-08-20 04:44:27.023819,0.9,4,0.9,0
2019-08-20 04:45:39.955378,1.2,5,2.1,2
2019-08-20 04:46:52.870332,1.1,5,1.7,1
2019-08-20 04:48:05.750034,0.9,4,1.1,1
2019-08-20 04:49:18.661845,1.1,5,1.2,1
2019-08-20 04:50:31.585656,1.1,5,1.2,1
2019-08-20 04:51:44.620010,0.9,4,1.0,1
2019-08-20 04:52:57.610361,0.8,3,0.9,0
2019-08-20 04:54:10.587938,1.1,5,1.3,1
2019-08-20 04:55:23.524917,1.1,5,1.4,1
2019-08-20 04:56:36.451590,1.2,5,2.6,2
2019-08-20 04:57:49.370737,1.1,5,1.3,1
2019-08-20 04:59:02.308398,1.1,5,2.0,2
2019-08-20 05:00:15.194062,0.7,3,0.7,0
2019-08-20 05:01:28.069875,1.1,5,1.3,1
2019-08-20 05:02:40.942891,0.9,4,1.2,1
2019-08-20 05:03:53.824073,1.0,4,1.2,1
2019-08-20 05:05:06.819977,1.1,5,1.5,1
2019-08-20 05:06:19.638548,0.9,4,1.0,1
2019-08-20 05:07:32.480459,0.9,4,1.0,1
2019-08-20 05:08:45.594518,1.1,5,1.3,1
2019-08-20 05:09:58.572145,0.9,4,1.1,1
2019-08-20 05:11:11.550140,1.1,5,1.4,1
2019-08-20 05:12:24.443576,1.0,4,1.1,1
2019-08-20 05:13:37.367466,0.9,4,1.5,1
2019-08-20 05:14:50.256179,1.0,4,1.1,1
2019-08-20 05:16:03.187873,0.8,3,0.8,0
2019-08-20 05:17:16.066834,0.9,4,1.1,1
2019-08-20 05:18:28.965720,1.4,6,1.8,1
2019-08-20 05:19:41.877689,1.1,5,1.9,1
2019-08-20 05:20:54.714093,1.3,5,1.9,1
2019-08-20 05:22:07.691586,0.9,4,1.0,1
2019-08-20 05:23:20.701719,1.0,4,1.6,1
2019-08-20 05:24:33.680232,0.8,3,1.0,1
2019-08-20 05:25:46.817187,1.0,4,1.1,1
2019-08-20 05:26:59.689433,1.2,5,1.3,1
2019-08-20 05:28:12.610605,0.8,3,1.1,1
2019-08-20 05:29:25.481212,1.0,4,1.1,1
2019-08-20 05:30:49.858559,0.9,4,1.0,1
2019-08-20 05:32:02.742278,0.9,4,1.0,1
2019-08-20 05:33:15.745075,0.9,4,1.2,1
2019-08-20 05:34:28.617509,1.1,5,1.3,1
2019-08-20 05:35:41.539736,0.9,4,1.3,1
2019-08-20 05:36:54.418552,1.1,5,1.9,1
2019-08-20 05:38:07.254855,0.9,4,1.2,1
2019-08-20 05:39:20.205578,0.8,3,0.9,0
2019-08-20 05:40:33.095271,1.0,4,1.3,1
2019-08-20 05:41:46.124270,0.7,3,0.7,0
2019-08-20 05:42:59.113105,1.1,5,1.2,1
2019-08-20 05:44:12.041600,0.9,4,1.4,1
2019-08-20 05:45:24.925525,0.7,3,0.7,0
2019-08-20 05:46:37.844238,0.9,4,1.0,1
2019-08-20 05:47:50.823177,0.8,3,1.0,1
2019-08-20 05:49:03.701731,0.8,3,1.2,1
2019-08-20 05:50:16.542966,1.0,4,1.2,1
2019-08-20 05:51:29.525158,0.8,3,1.0,1
2019-08-20 05:52:42.406511,1.0,4,1.3,1
2019-08-20 05:53:55.285663,1.0,4,2.0,2
2019-08-20 05:55:08.196197,1.0,4,1.2,1
2019-08-20 05:56:21.052542,0.9,4,1.6,1
2019-08-20 05:57:33.933246,0.9,4,1.0,1
2019-08-20 05:58:47.000288,0.8,3,0.9,0
2019-08-20 05:59:59.953887,1.0,4,1.6,1
2019-08-20 06:01:12.821987,0.9,4,1.2,1
2019-08-20 06:02:25.641112,0.9,4,1.0,1
2019-08-20 06:03:38.516520,1.1,5,1.6,1
2019-08-20 06:04:51.402090,1.0,4,1.0,1
2019-08-20 06:06:04.326057,0.8,3,1.0,1
2019-08-20 06:07:17.213910,1.0,4,1.2,1
2019-08-20 06:08:30.144223,1.0,4,1.4,1
2019-08-20 06:09:43.012746,0.7,3,0.8,0
2019-08-20 06:10:55.928246,1.0,4,1.2,1
2019-08-20 06:12:08.850538,0.8,3,1.1,1
2019-08-20 06:13:21.780491,1.0,4,1.4,1
2019-08-20 06:14:34.651754,0.9,4,1.3,1
2019-08-20 06:15:47.703602,0.8,3,0.9,0
2019-08-20 06:17:00.627582,1.2,5,1.7,1
2019-08-20 06:18:13.481812,0.9,4,1.0,1
2019-08-20 06:19:26.408776,1.0,4,1.3,1
2019-08-20 06:20:39.286019,0.9,4,1.0,1
2019-08-20 06:21:52.168735,1.0,4,1.3,1
2019-08-20 06:23:05.051725,1.2,5,1.4,1
2019-08-20 06:24:17.987751,0.8,3,1.0,1
2019-08-20 06:25:30.822986,1.7,7,2.2,2
2019-08-20 06:26:43.702234,0.9,4,1.3,1
2019-08-20 06:27:56.579850,0.8,3,0.8,0
2019-08-20 06:29:09.452308,0.8,3,0.8,0
2019-08-20 06:30:22.328568,0.8,3,0.8,0
2019-08-20 06:31:35.157543,0.9,4,1.0,1
2019-08-20 06:32:48.160776,0.8,3,0.9,0
2019-08-20 06:34:01.140214,1.0,4,1.1,1
2019-08-20 06:35:14.025098,0.9,4,2.0,2
2019-08-20 06:36:26.915268,0.9,4,1.0,1
2019-08-20 06:37:39.805082,0.8,3,0.9,0
2019-08-20 06:38:52.776266,0.9,4,1.3,1
2019-08-20 06:40:05.710824,0.9,4,0.9,0
2019-08-20 06:41:18.682212,0.7,3,0.7,0
2019-08-20 06:42:31.566572,0.7,3,0.7,0
2019-08-20 06:43:44.582354,0.7,3,0.7,0
2019-08-20 06:44:57.506633,0.9,4,1.2,1
2019-08-20 06:46:10.430727,0.9,4,0.9,0
2019-08-20 06:47:23.354155,0.7,3,0.8,0
2019-08-20 06:48:36.275068,0.9,4,5.6,5
2019-08-20 06:49:49.160776,1.1,5,1.3,1
2019-08-20 06:51:02.104234,0.9,4,1.5,1
2019-08-20 06:52:15.031391,0.7,3,1.0,1
2019-08-20 06:53:27.976884,1.1,5,1.5,1
2019-08-20 06:54:40.906831,1.0,4,1.4,1
2019-08-20 06:55:53.834577,1.0,4,1.1,1
2019-08-20 06:57:06.781132,0.9,4,1.0,1
2019-08-20 06:58:19.667850,0.6,2,0.6,0
2019-08-20 06:59:32.640967,0.9,4,1.0,1
2019-08-20 07:00:45.659303,0.7,3,0.8,0
2019-08-20 07:01:58.512617,0.8,3,1.0,1
2019-08-20 07:03:11.393966,1.0,4,2.1,2
2019-08-20 07:04:24.268323,0.6,2,0.6,0
2019-08-20 07:05:37.143736,0.7,3,2.0,2
2019-08-20 07:06:50.118016,0.7,3,0.7,0
2019-08-20 07:08:03.010092,0.8,3,1.1,1
2019-08-20 07:09:15.936084,0.8,3,0.8,0
2019-08-20 07:10:28.864470,0.6,2,0.9,0
2019-08-20 07:11:41.797129,0.8,3,1.0,1
2019-08-20 07:12:54.719179,0.8,3,2.1,2
2019-08-20 07:14:07.703007,0.7,3,0.7,0
2019-08-20 07:15:20.574322,1.0,4,1.8,1
2019-08-20 07:16:33.446034,0.7,3,1.0,1
2019-08-20 07:17:46.531912,0.8,3,1.3,1
2019-08-20 07:18:59.403831,0.8,3,0.9,0
2019-08-20 07:20:12.382570,0.8,3,1.6,1
2019-08-20 07:21:25.311374,0.9,4,1.2,1
2019-08-20 07:22:38.244637,1.0,4,1.4,1
2019-08-20 07:23:51.130284,0.8,3,0.8,0
2019-08-20 07:25:03.964217,0.7,3,0.8,0
2019-08-20 07:26:16.868720,0.8,3,0.8,0
2019-08-20 07:27:29.805934,1.0,4,1.1,1
2019-08-20 07:28:42.682572,0.8,3,0.9,0
2019-08-20 07:29:55.557016,0.5,2,0.5,0
2019-08-20 07:31:08.493741,0.8,3,1.3,1
2019-08-20 07:32:21.334406,0.8,3,1.0,1
2019-08-20 07:33:34.217675,0.6,2,0.9,0
2019-08-20 07:34:47.233552,0.7,3,0.7,0
2019-08-20 07:36:00.080310,0.8,3,0.9,0
2019-08-20 07:37:13.003084,0.8,3,1.8,1
2019-08-20 07:38:25.876494,0.7,3,0.7,0
2019-08-20 07:39:38.733092,1.1,5,1.6,1
2019-08-20 07:40:51.635247,0.8,3,1.1,1
2019-08-20 07:42:04.563803,0.7,3,0.8,0
2019-08-20 07:43:17.494622,0.6,2,0.7,0
2019-08-20 07:44:30.419767,0.6,2,0.7,0
2019-08-20 07:45:43.350989,1.0,4,1.5,1
2019-08-20 07:46:56.228827,0.8,3,0.8,0
2019-08-20 07:48:09.126454,0.8,3,1.4,1
2019-08-20 07:49:21.977710,0.7,3,0.7,0
2019-08-20 07:50:34.876773,0.8,3,0.8,0
2019-08-20 07:51:48.269808,0.5,2,0.5,0
2019-08-20 07:53:01.156067,0.8,3,1.0,1
2019-08-20 07:54:14.098158,0.7,3,0.9,0
2019-08-20 07:55:27.032368,0.7,3,0.9,0
2019-08-20 07:56:39.931140,0.7,3,0.8,0
2019-08-20 07:57:52.912170,0.7,3,0.9,0
2019-08-20 07:59:05.795671,0.6,2,1.3,1
2019-08-20 08:00:18.722360,0.7,3,0.9,0
2019-08-20 08:01:31.621804,1.0,4,1.4,1
2019-08-20 08:02:44.642339,0.7,3,1.0,1
2019-08-20 08:03:57.522637,0.7,3,1.0,1
2019-08-20 08:05:10.447978,0.6,2,0.6,0
2019-08-20 08:06:23.323590,0.6,2,0.6,0
2019-08-20 08:07:36.195686,0.6,2,0.6,0
2019-08-20 08:08:49.056635,0.6,2,0.6,0
2019-08-20 08:10:01.943970,0.8,3,1.2,1
2019-08-20 08:11:14.850235,0.7,3,0.7,0
2019-08-20 08:12:27.826768,0.6,2,0.7,0
2019-08-20 08:13:40.760889,0.5,2,0.5,0
2019-08-20 08:14:53.637006,0.7,3,0.7,0
2019-08-20 08:16:06.574151,0.9,4,0.9,0
2019-08-20 08:17:19.511609,0.6,2,0.6,0
2019-08-20 08:18:37.419768,0.7,3,1.1,1
2019-08-20 08:19:50.394711,0.7,3,0.8,0
2019-08-20 08:21:03.276365,0.8,3,1.4,1
2019-08-20 08:22:16.225219,0.8,3,0.9,0
2019-08-20 08:23:29.172409,0.9,4,1.0,1
2019-08-20 08:24:42.104675,0.8,3,0.9,0
2019-08-20 08:25:55.031580,0.7,3,1.0,1
2019-08-20 08:27:07.916541,0.6,2,0.7,0
2019-08-20 08:28:20.759175,0.7,3,1.0,1
2019-08-20 08:29:33.637096,1.3,5,14.6,13
2019-08-20 08:30:46.775316,1.7,7,13.5,12
2019-08-20 08:31:59.753613,1.2,5,5.7,5
2019-08-20 08:33:12.671841,0.8,3,4.2,4
2019-08-20 08:34:25.553914,1.1,5,7.5,6
2019-08-20 08:35:38.485136,1.0,4,1.3,1
2019-08-20 08:36:51.323599,1.0,4,11.1,10
2019-08-20 08:38:04.253484,0.9,4,5.6,5
2019-08-20 08:39:17.131041,0.8,3,4.3,4
2019-08-20 08:40:30.030872,1.2,5,9.6,8
2019-08-20 08:41:43.077139,1.1,5,13.1,12
2019-08-20 08:42:55.952375,1.8,8,15.8,14
2019-08-20 08:44:08.882568,1.7,7,14.2,13
2019-08-20 08:45:21.817257,1.5,6,10.3,9
2019-08-20 08:46:34.694494,1.0,4,3.1,3
2019-08-20 08:47:47.819152,1.3,5,12.0,11
2019-08-20 08:49:00.681150,1.2,5,6.9,6
2019-08-20 08:50:13.609993,1.3,5,11.7,10
2019-08-20 08:51:26.535483,1.4,6,3.5,3
2019-08-20 08:52:39.463462,1.1,5,4.5,4
2019-08-20 08:53:52.346333,1.2,5,15.6,14
2019-08-20 08:55:05.316419,1.1,5,15.7,14
2019-08-20 08:56:18.186597,1.1,5,5.0,5
2019-08-20 08:57:31.125314,1.1,5,3.7,3
2019-08-20 08:58:44.003284,1.1,5,7.1,6
2019-08-20 08:59:56.831867,1.0,4,6.6,6
2019-08-20 09:01:09.707857,1.1,5,2.8,2
2019-08-20 09:02:22.620562,0.8,3,3.6,3
2019-08-20 09:03:35.502843,1.2,5,6.4,6
2019-08-20 09:04:48.360191,0.9,4,3.5,3
2019-08-20 09:06:01.245136,1.1,5,4.7,4
2019-08-20 09:07:14.128730,0.8,3,2.7,2
2019-08-20 09:08:27.052791,1.8,8,14.8,13
2019-08-20 09:09:39.982327,1.5,6,17.7,16
2019-08-20 09:10:52.817903,1.2,5,9.0,8
2019-08-20 09:12:05.751578,0.9,4,3.3,3
2019-08-20 09:13:18.675910,1.4,6,7.5,6
2019-08-20 09:14:31.553433,0.7,3,7.6,6
2019-08-20 09:15:44.693166,1.1,5,12.8,11
2019-08-20 09:16:57.615366,1.0,4,8.4,7
2019-08-20 09:18:10.512370,0.7,3,1.5,1
2019-08-20 09:19:23.466096,1.5,6,14.9,13
2019-08-20 09:20:36.396644,1.0,4,4.4,4
2019-08-20 09:21:49.331466,1.0,4,4.8,4
2019-08-20 09:23:02.210049,0.8,3,10.1,9
2019-08-20 09:24:15.137438,0.8,3,1.7,1
2019-08-20 09:25:28.030235,0.8,3,3.0,3
2019-08-20 09:26:40.961915,0.9,4,6.0,6
2019-08-20 09:27:53.937788,0.7,3,5.1,5
2019-08-20 09:29:06.829812,1.0,4,5.8,5
2019-08-20 09:30:19.760895,1.1,5,8.5,7
2019-08-20 09:31:32.654248,0.7,3,0.9,0
2019-08-20 09:32:45.603629,1.0,4,10.2,9
2019-08-20 09:33:58.499431,1.9,8,10.9,9
2019-08-20 09:35:11.425806,0.8,3,4.0,4
2019-08-20 09:36:24.345743,0.9,4,6.5,6
2019-08-20 09:37:37.268398,1.1,5,5.8,5
2019-08-20 09:38:50.116005,1.1,5,4.8,4
2019-08-20 09:40:02.946850,1.4,6,8.3,7
2019-08-20 09:41:15.889280,1.1,5,12.4,11
2019-08-20 09:42:28.764431,1.1,5,7.9,6
2019-08-20 09:43:41.701640,2.4,10,28.0,26
2019-08-20 09:44:54.619220,1.8,8,15.5,14
2019-08-20 09:46:07.534618,1.1,5,8.7,7
2019-08-20 09:47:20.423192,1.5,6,14.9,13
2019-08-20 09:48:33.259103,1.3,5,8.8,7
2019-08-20 09:49:46.482600,0.9,4,5.3,5
2019-08-20 09:50:59.420823,1.0,4,4.3,4
2019-08-20 09:52:12.339673,1.0,4,4.0,4
2019-08-20 09:53:25.187735,1.3,5,10.9,9
2019-08-20 09:54:38.174285,1.9,8,13.5,12
2019-08-20 09:55:51.101972,1.0,4,8.8,7
2019-08-20 09:57:03.981442,0.9,4,4.8,4
2019-08-20 09:58:16.953610,0.9,4,7.0,6
2019-08-20 09:59:29.884846,1.2,5,4.7,4
2019-08-20 10:00:42.765021,1.4,6,9.7,8
2019-08-20 10:01:55.625847,1.4,6,13.2,12
2019-08-20 10:03:08.604499,1.3,5,19.2,18
2019-08-20 10:04:21.428016,1.3,5,12.1,11
2019-08-20 10:05:34.342984,1.9,8,9.6,8
2019-08-20 10:06:47.356170,1.2,5,9.7,8
2019-08-20 10:08:00.198756,1.4,6,7.6,6
2019-08-20 10:09:13.136976,1.3,5,8.4,7
2019-08-20 10:10:26.426388,0.9,4,2.6,2
2019-08-20 10:11:39.339262,1.4,6,9.3,8
2019-08-20 10:12:52.216507,1.1,5,5.6,5
2019-08-20 10:14:05.201729,1.0,4,7.8,6
2019-08-20 10:15:18.181801,1.3,5,7.5,6
2019-08-20 10:16:31.100110,1.0,4,4.4,4
2019-08-20 10:17:44.036081,1.2,5,8.8,7
2019-08-20 10:18:56.895029,0.9,4,5.3,5
2019-08-20 10:20:09.735029,1.1,5,7.1,6
2019-08-20 10:21:22.626636,1.5,6,16.6,15
2019-08-20 10:22:35.544040,0.9,4,4.1,4
2019-08-20 10:23:48.463159,0.9,4,8.0,7
2019-08-20 10:25:01.342384,1.0,4,6.1,6
2019-08-20 10:26:14.191839,0.8,3,3.9,3
2019-08-20 10:27:27.121603,1.0,4,3.2,3
2019-08-20 10:28:40.010375,0.9,4,3.5,3
2019-08-20 10:29:52.985529,0.7,3,1.7,1
2019-08-20 10:31:05.917966,1.2,5,6.6,6
2019-08-20 10:32:18.803657,1.2,5,4.7,4
2019-08-20 10:33:31.683249,1.6,7,11.8,10
2019-08-20 10:34:44.653109,1.1,5,8.6,7
2019-08-20 10:35:57.542299,1.0,4,6.7,6
2019-08-20 10:37:10.454701,1.0,4,2.2,2
2019-08-20 10:38:23.347927,0.9,4,5.4,5
2019-08-20 10:39:36.236180,0.7,3,3.9,3
2019-08-20 10:40:49.126106,0.8,3,5.7,5
2019-08-20 10:42:02.074119,1.0,4,10.8,9
2019-08-20 10:43:15.086941,1.0,4,7.5,6
2019-08-20 10:44:27.962129,0.9,4,2.0,2
2019-08-20 10:45:40.835828,1.1,5,9.9,8
2019-08-20 10:46:53.769716,1.0,4,3.8,3
2019-08-20 10:48:06.714159,1.2,5,9.4,8
2019-08-20 10:49:19.577724,0.6,2,3.1,3
2019-08-20 10:50:32.477731,0.9,4,3.0,3
2019-08-20 10:51:45.494716,0.7,3,3.3,3
2019-08-20 10:52:58.328594,0.8,3,3.6,3
2019-08-20 10:54:11.210537,1.3,5,3.6,3
2019-08-20 10:55:24.149787,0.7,3,1.3,1
2019-08-20 10:56:37.112447,1.3,5,7.2,6
2019-08-20 10:57:50.063902,1.0,4,6.9,6
2019-08-20 10:59:02.920675,0.7,3,1.5,1
2019-08-20 12:13:07.065058,1.2,5,7.6,6
2019-08-20 12:14:19.994536,1.2,5,13.5,12
2019-08-20 12:15:32.966652,1.3,5,9.3,8
2019-08-20 12:16:45.898784,1.3,5,4.9,4
2019-08-20 12:17:58.822752,2.1,9,25.1,23
2019-08-20 12:19:11.726207,1.7,7,9.9,8
2019-08-20 12:20:24.649620,1.6,7,23.8,21
2019-08-20 12:21:37.591638,1.7,7,12.8,11
2019-08-20 12:22:50.482264,2.4,10,22.7,20
2019-08-20 12:24:03.332542,1.8,8,21.0,19
2019-08-20 12:25:16.215089,1.9,8,14.8,13
2019-08-20 12:26:29.155735,1.9,8,10.5,9
2019-08-20 12:27:42.107293,2.0,8,14.1,13
2019-08-20 12:28:55.120588,1.8,8,5.0,5
2019-08-20 12:30:07.997989,1.5,6,7.7,6
2019-08-20 12:31:20.923307,1.5,6,9.3,8
2019-08-20 12:32:33.801902,1.2,5,12.0,11
2019-08-20 12:33:46.634727,1.8,8,13.3,12
2019-08-20 12:34:59.500355,1.4,6,10.9,9
2019-08-20 12:36:12.326301,1.7,7,8.6,7
2019-08-20 12:37:25.213738,1.8,8,11.8,10
2019-08-20 12:38:38.137374,1.5,6,10.1,9
2019-08-20 12:39:51.059769,2.1,9,11.9,10
2019-08-20 12:41:04.015750,1.5,6,7.7,6
2019-08-20 12:42:16.997605,1.6,7,6.9,6
2019-08-20 12:43:29.862860,1.4,6,5.8,5
2019-08-20 12:44:42.783061,1.1,5,9.7,8
2019-08-20 12:45:55.747291,1.5,6,6.3,6
2019-08-20 13:00:30.116909,15.8,59,30.1,28
2019-08-20 20:12:26.005767,6.9,29,17.3,16
2019-08-20 20:13:43.565707,6.9,29,16.7,15
2019-08-20 20:38:33.034255,6.0,25,19.0,18
2019-08-20 21:12:29.185957,6.2,26,19.0,18
2019-08-20 21:13:48.187742,6.3,26,20.3,19
2019-08-20 21:15:07.212295,6.0,25,17.7,16
2019-08-20 21:16:08.968800,6.1,25,24.4,22
2019-08-20 21:23:31.615553,5.7,24,15.2,14
2019-08-20 21:24:50.547126,6.1,25,18.6,17
2019-08-20 21:26:09.454729,6.7,28,17.7,16
2019-08-20 21:27:28.447086,5.7,24,21.4,19
2019-08-20 21:28:47.352612,5.4,22,14.0,13
2019-08-20 21:30:06.373208,5.7,24,19.2,18
2019-08-20 21:31:25.337995,5.0,21,12.4,11
2019-08-20 21:32:44.276246,5.6,23,15.7,14
2019-08-20 21:34:03.158650,5.0,21,16.1,15
2019-08-20 21:35:22.070841,5.7,24,15.4,14
2019-08-20 21:36:41.044691,6.2,26,15.4,14
2019-08-20 21:38:00.117176,5.6,23,14.8,13
2019-08-20 21:39:19.028332,5.5,23,17.8,16
2019-08-20 21:40:38.008182,5.4,22,14.1,13
2019-08-20 21:41:57.058402,5.3,22,16.7,15
2019-08-20 21:43:15.990250,4.7,20,15.7,14
2019-08-20 21:44:34.902136,5.1,21,21.0,19
2019-08-20 21:45:53.780158,5.5,23,16.7,15
2019-08-20 21:47:12.692422,5.2,22,16.1,15
2019-08-20 21:48:31.656705,5.1,21,16.7,15
2019-08-20 21:49:50.546182,4.9,20,10.6,9
2019-08-20 21:51:09.452193,4.5,19,13.2,12
2019-08-20 21:52:28.387643,5.8,24,19.3,18
2019-08-20 21:53:47.288635,5.1,21,22.0,20
2019-08-20 21:55:06.251022,4.9,20,19.2,18
2019-08-20 21:56:25.174703,5.1,21,12.6,11
2019-08-20 21:57:44.072783,4.2,18,13.2,12
2019-08-20 21:59:02.992980,4.2,18,13.8,12
2019-08-20 22:00:21.955406,4.2,18,9.9,8
2019-08-20 22:01:40.905850,4.7,20,14.7,13
2019-08-20 22:02:59.937143,4.5,19,9.5,8
2019-08-20 22:04:18.831728,4.1,17,10.2,9
2019-08-20 22:05:37.806941,4.3,18,9.1,8
2019-08-20 22:06:56.801700,4.8,20,17.0,16
2019-08-20 22:08:15.666365,4.8,20,9.2,8
2019-08-20 22:09:34.608265,4.3,18,10.8,9
2019-08-20 22:10:53.468870,4.5,19,12.2,11
2019-08-20 22:12:12.379478,4.5,19,11.4,10
2019-08-20 22:13:31.255197,3.8,16,7.6,6
2019-08-20 22:14:50.184042,4.4,18,9.9,8
2019-08-20 22:16:09.069377,4.8,20,11.7,10
2019-08-20 22:17:27.998979,4.5,19,9.8,8
2019-08-20 22:18:46.875023,4.6,19,10.5,9
2019-08-20 22:20:05.804395,3.9,16,8.9,7
2019-08-20 22:21:24.799057,4.0,17,12.1,11
2019-08-20 22:22:43.723649,4.0,17,10.2,9
2019-08-20 22:24:02.595272,4.5,19,12.9,11
2019-08-20 22:25:21.525348,4.5,19,12.8,11
2019-08-20 22:26:40.405365,4.1,17,9.4,8
2019-08-20 22:27:59.486578,3.9,16,9.0,8
2019-08-20 22:29:18.370509,3.8,16,11.0,10
2019-08-20 22:30:37.323241,4.1,17,10.8,9
2019-08-20 22:31:56.254933,4.0,17,9.9,8
2019-08-20 22:33:15.177555,4.1,17,11.5,10
2019-08-20 22:34:34.067292,4.1,17,8.5,7
2019-08-20 22:35:53.004170,3.7,15,10.9,9
2019-08-20 22:37:11.839346,3.6,15,7.0,6
2019-08-20 22:38:30.720806,3.5,15,9.2,8
2019-08-20 22:39:49.645355,3.9,16,9.1,8
2019-08-20 22:41:08.540682,3.9,16,8.7,7
2019-08-20 22:42:27.419770,4.0,17,9.2,8
2019-08-20 22:43:46.242263,4.4,18,14.1,13
2019-08-20 22:45:05.143436,3.8,16,10.1,9
2019-08-20 22:46:24.013560,3.7,15,9.3,8
2019-08-20 22:47:42.898313,4.2,18,8.7,7
2019-08-20 22:49:01.756213,4.1,17,11.9,10
2019-08-20 22:50:20.626136,4.0,17,9.0,8
2019-08-20 22:51:39.489117,3.5,15,7.3,6
2019-08-20 22:52:58.641575,3.5,15,10.3,9
2019-08-20 22:54:17.510970,4.2,18,9.9,8
2019-08-20 22:55:36.456210,3.4,14,7.9,6
2019-08-20 22:56:55.337317,4.0,17,9.9,8
2019-08-20 22:58:14.205630,4.3,18,11.7,10
2019-08-20 22:59:33.164290,3.5,15,6.7,6
2019-08-20 23:00:52.003146,3.8,16,7.2,6
2019-08-20 23:02:10.882630,3.7,15,10.6,9
2019-08-20 23:03:29.805252,3.8,16,9.2,8
2019-08-20 23:04:48.679973,4.2,18,8.3,7
2019-08-20 23:06:07.539121,3.5,15,8.0,7
2019-08-20 23:07:26.377635,3.8,16,10.5,9
2019-08-20 23:08:45.280383,3.9,16,11.2,10
2019-08-20 23:10:04.154196,3.2,13,9.2,8
2019-08-20 23:11:23.051049,4.1,17,7.8,6
2019-08-20 23:12:41.952363,3.7,15,6.7,6
2019-08-20 23:14:00.772720,3.4,14,8.2,7
2019-08-20 23:15:19.634266,3.4,14,9.4,8
2019-08-20 23:16:38.563815,3.3,14,9.0,8
2019-08-20 23:17:57.675666,3.7,15,8.5,7
2019-08-20 23:19:16.509475,3.5,15,10.5,9
2019-08-20 23:20:35.338224,3.5,15,7.7,6
2019-08-20 23:21:54.206253,3.1,13,9.9,8
2019-08-20 23:23:13.124752,2.9,12,6.4,6
2019-08-20 23:24:32.065625,3.8,16,8.8,7
2019-08-20 23:25:50.967905,3.9,16,7.7,6
2019-08-20 23:27:09.889527,3.6,15,7.8,6
2019-08-20 23:28:28.720341,3.4,14,6.6,6
2019-08-20 23:29:47.587374,4.0,17,8.7,7
2019-08-20 23:31:06.523996,3.2,13,6.7,6
2019-08-20 23:32:25.407692,3.8,16,7.4,6
2019-08-20 23:33:44.374649,3.4,14,6.2,6
2019-08-20 23:35:03.277253,3.9,16,8.9,7
2019-08-20 23:36:22.151574,3.1,13,4.5,4
2019-08-20 23:37:40.990816,3.2,13,5.5,5
2019-08-20 23:39:00.000278,3.3,14,5.6,5
2019-08-20 23:40:18.871773,3.5,15,6.5,6
2019-08-20 23:41:37.794264,3.4,14,7.3,6
2019-08-20 23:42:56.888918,3.4,14,6.7,6
2019-08-20 23:44:15.759093,3.0,12,9.3,8
2019-08-20 23:45:34.725759,3.3,14,6.0,6
2019-08-20 23:46:53.604223,3.1,13,7.2,6
2019-08-20 23:48:12.469337,3.1,13,5.2,5
2019-08-20 23:49:31.391770,3.7,15,7.5,6
2019-08-20 23:50:50.290155,3.4,14,9.1,8
2019-08-20 23:52:09.330590,3.4,14,6.3,6
2019-08-20 23:53:28.256641,3.4,14,8.4,7
2019-08-20 23:54:47.130170,2.9,12,7.2,6
2019-08-20 23:56:06.032873,3.3,14,7.0,6
2019-08-20 23:57:24.885764,3.3,14,5.9,5
2019-08-20 23:58:43.760141,3.3,14,6.1,6
2019-08-21 00:00:02.636705,3.2,13,6.4,6
2019-08-21 00:01:21.562146,3.0,12,6.1,6
2019-08-21 00:02:40.434270,3.6,15,5.8,5
2019-08-21 00:03:59.558206,3.2,13,5.4,5
2019-08-21 00:05:18.397645,2.8,12,4.3,4
2019-08-21 00:06:37.301799,2.9,12,6.8,6
2019-08-21 00:07:56.334843,3.3,14,6.1,6
2019-08-21 00:09:15.219723,3.0,12,5.8,5
2019-08-21 00:10:34.112951,2.9,12,6.0,6
2019-08-21 00:11:53.090996,3.3,14,6.6,6
2019-08-21 00:13:12.003933,3.3,14,6.9,6
2019-08-21 00:14:30.917877,3.1,13,5.1,5
2019-08-21 00:15:49.745321,2.8,12,6.9,6
2019-08-21 00:17:08.657957,3.0,12,5.7,5
2019-08-21 00:18:27.568267,3.6,15,7.1,6
2019-08-21 00:19:46.455125,2.9,12,8.9,7
2019-08-21 00:21:05.370590,3.2,13,4.3,4
2019-08-21 00:22:24.334092,2.6,11,4.1,4
2019-08-21 00:23:43.210975,3.1,13,5.0,5
2019-08-21 00:25:02.085924,3.2,13,5.7,5
2019-08-21 00:26:20.920422,2.7,11,4.0,4
2019-08-21 00:27:39.753230,3.3,14,5.6,5
2019-08-21 00:28:58.930048,3.1,13,5.1,5
2019-08-21 00:30:17.847506,3.2,13,4.9,4
2019-08-21 00:31:36.669231,3.5,15,6.7,6
2019-08-21 00:32:55.596422,3.0,12,4.5,4
2019-08-21 00:34:14.424713,3.3,14,4.6,4
2019-08-21 00:35:33.342169,3.4,14,7.8,6
2019-08-21 00:36:52.216395,2.9,12,4.8,4
2019-08-21 00:38:11.140167,2.7,11,4.1,4
2019-08-21 00:39:30.102663,2.9,12,6.9,6
2019-08-21 00:40:49.007858,2.9,12,10.3,9
2019-08-21 00:42:07.918662,3.0,12,5.9,5
2019-08-21 00:43:26.892442,2.7,11,7.3,6
2019-08-21 00:44:45.782551,3.3,14,6.7,6
2019-08-21 00:46:04.650405,2.9,12,5.9,5
2019-08-21 00:47:23.568897,3.1,13,8.4,7
2019-08-21 00:48:42.430075,2.8,12,5.9,5
2019-08-21 00:50:01.346670,3.1,13,4.7,4
2019-08-21 00:51:20.205074,2.8,12,5.3,5
2019-08-21 00:52:39.126621,2.9,12,6.0,6
2019-08-21 00:53:58.245948,3.1,13,5.8,5
2019-08-21 00:55:17.130541,3.0,12,7.5,6
2019-08-21 00:56:36.053925,2.8,12,5.0,5
2019-08-21 00:57:54.921840,3.0,12,4.9,4
2019-08-21 00:59:13.846499,3.2,13,5.6,5
2019-08-21 01:00:32.729495,3.2,13,4.9,4
2019-08-21 01:01:51.611288,2.9,12,6.3,6
2019-08-21 01:03:10.532676,2.8,12,5.2,5
2019-08-21 01:04:29.400514,2.9,12,4.1,4
2019-08-21 01:05:48.279979,3.2,13,5.6,5
2019-08-21 01:07:07.206900,2.8,12,4.6,4
2019-08-21 01:08:26.036379,3.0,12,7.9,6
2019-08-21 01:09:44.944630,2.8,12,5.6,5
2019-08-21 01:11:03.756827,2.6,11,4.5,4
2019-08-21 01:12:22.647152,3.4,14,5.9,5
2019-08-21 01:13:41.548794,2.8,12,3.6,3
2019-08-21 01:15:00.476869,2.7,11,5.1,5
2019-08-21 01:16:19.343781,2.8,12,5.7,5
2019-08-21 01:17:38.316523,2.9,12,4.5,4
2019-08-21 01:18:57.389149,3.2,13,6.3,6
2019-08-21 01:20:16.235817,2.7,11,4.1,4
2019-08-21 01:21:35.156897,3.4,14,7.0,6
2019-08-21 01:22:54.102871,2.9,12,4.0,4
2019-08-21 01:24:12.985232,2.7,11,5.1,5
2019-08-21 01:25:31.839240,2.6,11,3.9,3
2019-08-21 01:26:50.706820,3.1,13,6.0,6
2019-08-21 01:28:09.624395,2.9,12,3.8,3
2019-08-21 01:29:28.584221,2.6,11,5.9,5
2019-08-21 01:30:47.466023,2.9,12,5.5,5
2019-08-21 01:32:06.325933,2.8,12,5.4,5
2019-08-21 01:33:25.198235,2.7,11,3.8,3
2019-08-21 01:34:44.072083,3.1,13,5.9,5
2019-08-21 01:36:02.946825,2.7,11,4.6,4
2019-08-21 01:37:21.902516,2.5,10,3.5,3
2019-08-21 01:38:40.770713,2.8,12,4.1,4
2019-08-21 01:39:59.852253,2.8,12,4.4,4
2019-08-21 01:41:18.757945,2.8,12,4.9,4
2019-08-21 01:42:37.663746,2.5,10,5.0,5
2019-08-21 01:43:56.693548,3.4,14,5.8,5
2019-08-21 01:45:15.615958,2.5,10,3.5,3
2019-08-21 01:46:34.558529,2.8,12,4.2,4
2019-08-21 01:47:53.427659,3.0,12,5.0,5
2019-08-21 01:49:12.290232,2.7,11,4.4,4
2019-08-21 01:50:31.160309,3.2,13,6.4,6
2019-08-21 01:51:50.033626,2.5,10,5.6,5
2019-08-21 01:53:08.905181,2.7,11,3.9,3
2019-08-21 01:54:27.745464,2.8,12,3.6,3
2019-08-21 01:55:46.571100,2.7,11,4.6,4
2019-08-21 01:57:05.451135,2.8,12,5.4,5
2019-08-21 01:58:24.376119,2.8,12,4.2,4
2019-08-21 01:59:43.281858,2.7,11,3.8,3
2019-08-21 02:01:02.125633,2.5,10,3.7,3
2019-08-21 02:02:20.951705,3.3,14,5.4,5
2019-08-21 02:03:39.819962,2.8,12,4.2,4
2019-08-21 02:04:59.013915,2.9,12,5.6,5
2019-08-21 02:06:17.906873,2.5,10,5.2,5
2019-08-21 02:07:36.837403,2.7,11,4.1,4
2019-08-21 02:08:55.719866,2.4,10,4.4,4
2019-08-21 02:10:14.603022,2.7,11,4.0,4
2019-08-21 02:12:14.080738,2.3,10,3.1,3
2019-08-21 02:13:33.003990,3.0,12,5.3,5
2019-08-21 02:14:51.972668,2.8,12,4.1,4
2019-08-21 02:16:10.950883,2.8,12,4.8,4
2019-08-21 02:17:29.877013,2.7,11,4.5,4
2019-08-21 02:18:48.793870,2.7,11,3.0,3
2019-08-21 02:20:07.762329,2.7,11,4.1,4
2019-08-21 02:21:26.630665,2.3,10,3.5,3
2019-08-21 02:22:45.536205,2.4,10,3.2,3
2019-08-21 02:24:09.368892,2.8,12,4.5,4
2019-08-21 02:25:28.302653,2.7,11,4.8,4
2019-08-21 02:26:47.180420,2.3,10,3.2,3
2019-08-21 02:28:06.057362,2.7,11,5.5,5
2019-08-21 02:29:25.202358,2.8,12,4.1,4
2019-08-21 02:30:44.126841,2.6,11,4.6,4
2019-08-21 02:32:03.099704,2.5,10,3.6,3
2019-08-21 02:33:21.979621,2.8,12,3.8,3
2019-08-21 02:34:41.047058,2.5,10,3.9,3
2019-08-21 02:36:00.176056,2.4,10,3.3,3
2019-08-21 02:37:19.079315,2.5,10,3.4,3
2019-08-21 02:38:37.904794,2.6,11,3.4,3
2019-08-21 02:39:57.057832,2.2,9,5.6,5
2019-08-21 02:41:15.937918,2.6,11,4.7,4
2019-08-21 02:42:34.861189,2.4,10,3.7,3
2019-08-21 02:43:53.835937,2.6,11,5.5,5
2019-08-21 02:45:12.779395,2.6,11,4.3,4
2019-08-21 02:46:31.829984,2.5,10,2.7,2
2019-08-21 02:47:50.697014,2.6,11,4.4,4
2019-08-21 02:49:09.549475,2.4,10,4.0,4
2019-08-21 02:50:28.421100,2.0,8,2.8,2
2019-08-21 02:51:47.262308,2.7,11,3.8,3
2019-08-21 02:53:06.079272,2.6,11,3.5,3
2019-08-21 02:54:25.024823,2.3,10,3.4,3
2019-08-21 02:55:43.902590,2.7,11,3.8,3
2019-08-21 02:57:02.843398,2.7,11,4.9,4
2019-08-21 02:58:21.703870,2.5,10,3.4,3
2019-08-21 02:59:40.663393,2.2,9,4.2,4
2019-08-21 03:00:59.920131,2.2,9,2.8,2
2019-08-21 03:02:18.741246,2.3,10,3.4,3
2019-08-21 03:03:37.664366,2.3,10,4.0,4
2019-08-21 03:04:56.625644,2.5,10,3.6,3
2019-08-21 03:06:15.557185,2.5,10,4.2,4
2019-08-21 03:07:34.479618,2.4,10,3.9,3
2019-08-21 03:08:53.376865,2.8,12,5.0,5
2019-08-21 03:10:12.353953,2.3,10,3.5,3
2019-08-21 03:11:31.287103,2.5,10,3.9,3
2019-08-21 03:12:50.208639,2.4,10,3.8,3
2019-08-21 03:14:09.124760,2.2,9,3.6,3
2019-08-21 03:15:28.001077,2.1,9,3.1,3
2019-08-21 03:16:46.950844,2.7,11,3.7,3
2019-08-21 03:18:05.818953,2.5,10,4.3,4
2019-08-21 03:19:24.689090,2.4,10,3.8,3
2019-08-21 03:20:43.658891,2.0,8,3.3,3
2019-08-21 03:22:02.535077,2.6,11,4.1,4
2019-08-21 03:23:21.450949,2.5,10,3.5,3
2019-08-21 03:24:40.367567,2.7,11,4.2,4
2019-08-21 03:25:59.407504,2.4,10,4.9,4
2019-08-21 03:27:18.239426,2.0,8,3.3,3
2019-08-21 03:28:37.124039,2.2,9,3.3,3
2019-08-21 03:29:56.084302,2.0,8,3.0,3
2019-08-21 03:31:14.933299,2.3,10,3.2,3
2019-08-21 03:32:33.850146,2.4,10,5.0,5
2019-08-21 03:33:52.722484,2.6,11,3.6,3
2019-08-21 03:35:11.652678,2.4,10,4.0,4
2019-08-21 03:36:30.541774,2.5,10,3.2,3
2019-08-21 03:37:49.387433,2.4,10,3.4,3
2019-08-21 03:39:08.290608,2.5,10,3.9,3
2019-08-21 03:40:27.211795,2.7,11,3.4,3
2019-08-21 03:41:46.139601,2.2,9,2.9,2
2019-08-21 03:43:05.042102,2.4,10,3.6,3
2019-08-21 03:44:23.997079,2.3,10,3.7,3
2019-08-21 03:45:42.822445,2.5,10,4.8,4
2019-08-21 03:47:01.753407,2.5,10,3.1,3
2019-08-21 03:48:20.651916,2.3,10,3.3,3
2019-08-21 03:49:39.567979,2.1,9,2.3,2
2019-08-21 03:50:58.726652,2.1,9,3.5,3
2019-08-21 03:52:17.628764,2.2,9,5.2,5
2019-08-21 03:53:36.497079,2.1,9,2.7,2
2019-08-21 03:54:55.374848,2.4,10,4.0,4
2019-08-21 03:56:14.245369,2.1,9,3.1,3
2019-08-21 03:57:33.060700,2.3,10,3.6,3
2019-08-21 03:58:51.934588,2.3,10,3.4,3
2019-08-21 04:00:10.821106,2.4,10,2.8,2
2019-08-21 04:01:29.744700,2.3,10,3.7,3
2019-08-21 04:02:48.667815,2.5,10,4.4,4
2019-08-21 04:04:07.548314,2.2,9,2.5,2
2019-08-21 04:05:26.385554,2.3,10,3.1,3
2019-08-21 04:06:45.201726,2.2,9,2.9,2
2019-08-21 04:08:04.077535,2.5,10,3.4,3
2019-08-21 04:09:22.951873,2.3,10,4.1,4
2019-08-21 04:10:41.871785,2.5,10,4.7,4
2019-08-21 04:12:00.749697,2.5,10,4.0,4
2019-08-21 04:13:19.628526,2.4,10,5.7,5
2019-08-21 04:14:38.488902,2.3,10,4.5,4
2019-08-21 04:15:57.527113,2.3,10,3.0,3
2019-08-21 04:17:16.511113,2.0,8,2.5,2
2019-08-21 04:18:35.374174,2.0,8,3.1,3
2019-08-21 04:19:54.393947,2.0,8,2.8,2
2019-08-21 04:21:13.316812,2.4,10,2.9,2
2019-08-21 04:22:32.196468,2.2,9,3.6,3
2019-08-21 04:23:51.052925,2.2,9,4.7,4
2019-08-21 04:25:09.958720,2.2,9,2.6,2
2019-08-21 04:26:28.861347,2.4,10,3.1,3
2019-08-21 04:27:47.743130,2.6,11,3.9,3
2019-08-21 04:29:06.588597,2.1,9,2.5,2
2019-08-21 04:30:25.517107,2.1,9,3.2,3
2019-08-21 04:31:44.434483,2.1,9,3.0,3
2019-08-21 04:33:03.369763,2.0,8,2.7,2
2019-08-21 04:34:22.292541,2.4,10,3.8,3
2019-08-21 04:35:41.232376,2.0,8,2.4,2
2019-08-21 04:37:00.289130,2.1,9,3.4,3
2019-08-21 04:38:19.228398,2.2,9,2.9,2
2019-08-21 04:39:38.136404,2.0,8,2.5,2
2019-08-21 04:40:57.135260,2.1,9,2.5,2
2019-08-21 04:42:16.019609,2.1,9,3.1,3
2019-08-21 04:43:34.948665,1.9,8,3.8,3
2019-08-21 04:44:53.822431,2.2,9,3.0,3
2019-08-21 04:46:12.741052,1.9,8,2.1,2
2019-08-21 04:47:31.625974,2.2,9,4.4,4
2019-08-21 04:48:50.491026,2.0,8,3.5,3
2019-08-21 04:50:09.370756,2.0,8,3.1,3
2019-08-21 04:51:28.344963,2.1,9,2.9,2
2019-08-21 04:52:47.227248,2.1,9,3.1,3
2019-08-21 04:54:06.071133,2.1,9,3.8,3
2019-08-21 04:55:24.945237,1.8,8,2.8,2
2019-08-21 04:56:43.914430,2.0,8,2.7,2
2019-08-21 04:58:02.795945,2.1,9,2.5,2
2019-08-21 04:59:21.672236,1.9,8,2.1,2
2019-08-21 05:00:40.554625,1.9,8,3.1,3
2019-08-21 05:01:59.644344,2.0,8,2.3,2
2019-08-21 05:03:18.567468,1.9,8,2.9,2
2019-08-21 05:04:37.441783,1.9,8,2.9,2
2019-08-21 05:05:56.315452,1.7,7,4.0,4
2019-08-21 05:07:15.232700,1.8,8,2.8,2
2019-08-21 05:08:34.160938,1.9,8,5.1,5
2019-08-21 05:09:53.085015,2.3,10,3.3,3
2019-08-21 05:11:11.977548,2.1,9,3.2,3
2019-08-21 05:12:30.849558,1.7,7,2.8,2
2019-08-21 05:13:49.724436,2.2,9,5.0,5
2019-08-21 05:15:08.612891,1.9,8,2.2,2
2019-08-21 05:16:27.497602,1.8,8,2.1,2
2019-08-21 05:17:46.469123,2.0,8,3.2,3
2019-08-21 05:19:05.335824,2.0,8,2.5,2
2019-08-21 05:20:24.216327,1.9,8,2.1,2
2019-08-21 05:21:43.043795,2.1,9,2.7,2
2019-08-21 05:23:01.964684,1.8,8,2.7,2
2019-08-21 05:24:20.834987,1.7,7,1.9,1
2019-08-21 05:25:39.657827,2.2,9,3.0,3
2019-08-21 05:26:58.663024,1.7,7,3.1,3
2019-08-21 05:28:17.574374,1.9,8,2.1,2
2019-08-21 05:29:36.442869,1.8,8,1.9,1
2019-08-21 05:30:55.321495,1.8,8,3.9,3
2019-08-21 05:32:14.189283,2.1,9,3.1,3
2019-08-21 05:33:33.071550,1.8,8,2.8,2
2019-08-21 05:34:52.000995,1.9,8,2.7,2
2019-08-21 05:36:10.919588,2.0,8,2.5,2
2019-08-21 05:37:29.749918,2.0,8,3.4,3
2019-08-21 05:38:48.730200,1.8,8,2.8,2
2019-08-21 05:40:07.600928,2.0,8,3.3,3
2019-08-21 05:41:26.459501,1.6,7,1.8,1
2019-08-21 05:42:45.279077,1.8,8,2.7,2
2019-08-21 05:44:04.235687,1.8,8,2.5,2
2019-08-21 05:45:23.106615,2.0,8,2.3,2
2019-08-21 05:46:41.982071,1.9,8,2.5,2
2019-08-21 05:48:00.824800,2.1,9,3.5,3
2019-08-21 05:49:19.795446,1.8,8,3.5,3
2019-08-21 05:50:38.686693,1.8,8,2.8,2
2019-08-21 05:51:57.635976,1.9,8,2.8,2
2019-08-21 05:53:16.481401,1.8,8,2.4,2
2019-08-21 05:54:35.406408,1.9,8,2.5,2
2019-08-21 05:55:54.285374,1.8,8,2.5,2
2019-08-21 05:57:13.123757,1.8,8,2.2,2
2019-08-21 05:58:31.948891,1.9,8,3.6,3
2019-08-21 05:59:50.794565,1.8,8,2.4,2
2019-08-21 06:01:09.712057,1.9,8,2.5,2
2019-08-21 06:02:28.618766,1.9,8,2.8,2
2019-08-21 06:03:47.590439,1.6,7,2.1,2
2019-08-21 06:05:06.512011,1.8,8,2.4,2
2019-08-21 06:06:25.402987,1.8,8,2.3,2
2019-08-21 06:07:44.342968,2.1,9,2.3,2
2019-08-21 06:09:03.316601,1.7,7,2.6,2
2019-08-21 06:10:22.246269,2.0,8,3.0,3
2019-08-21 06:11:41.128571,1.8,8,2.1,2
2019-08-21 06:13:00.253110,1.7,7,2.8,2
2019-08-21 06:14:19.070318,1.8,8,4.3,4
2019-08-21 06:15:37.944259,1.8,8,2.2,2
2019-08-21 06:16:57.075203,1.7,7,3.4,3
2019-08-21 06:18:15.999360,1.8,8,2.3,2
2019-08-21 06:19:34.919191,1.5,6,4.3,4
2019-08-21 06:20:53.800403,1.7,7,1.9,1
2019-08-21 06:22:12.675671,1.8,8,2.9,2
2019-08-21 06:23:31.558841,1.9,8,2.6,2
2019-08-21 06:24:50.435009,1.9,8,2.9,2
2019-08-21 06:26:09.406419,2.0,8,2.7,2
2019-08-21 06:27:28.338331,1.8,8,2.6,2
2019-08-21 06:28:47.259227,1.8,8,2.5,2
2019-08-21 06:30:06.279752,1.6,7,2.0,2
2019-08-21 06:31:25.175221,1.7,7,2.4,2
2019-08-21 06:32:44.002629,1.6,7,1.8,1
2019-08-21 06:34:02.931322,1.8,8,2.0,2
2019-08-21 06:35:21.867292,1.6,7,2.3,2
2019-08-21 06:36:40.742708,1.6,7,1.8,1
2019-08-21 06:37:59.933981,1.6,7,2.4,2
2019-08-21 06:39:18.802813,1.7,7,1.9,1
2019-08-21 06:40:37.771092,1.5,6,2.1,2
2019-08-21 06:41:56.932349,1.8,8,2.1,2
2019-08-21 06:43:15.762068,1.8,8,2.1,2
2019-08-21 06:44:34.678792,1.5,6,2.0,2
2019-08-21 06:45:53.560041,1.5,6,3.1,3
2019-08-21 06:47:12.483970,1.5,6,1.9,1
2019-08-21 06:48:31.323459,1.5,6,1.7,1
2019-08-21 06:49:50.188020,1.6,7,2.2,2
2019-08-21 06:51:09.037667,1.4,6,2.6,2
2019-08-21 06:52:27.980060,1.8,8,2.2,2
2019-08-21 06:53:46.883353,1.7,7,2.6,2
2019-08-21 06:55:05.843978,1.9,8,3.8,3
2019-08-21 06:56:24.764217,1.6,7,1.8,1
2019-08-21 06:57:43.743481,1.8,8,2.5,2
2019-08-21 06:59:02.657505,1.5,6,1.9,1
2019-08-21 07:00:21.547686,1.7,7,2.5,2
2019-08-21 07:01:40.459280,1.7,7,2.3,2
2019-08-21 07:02:59.593222,1.5,6,2.4,2
2019-08-21 07:04:18.463603,1.6,7,3.5,3
2019-08-21 07:05:37.315391,1.7,7,2.8,2
2019-08-21 07:06:56.188452,1.8,8,2.3,2
2019-08-21 07:08:15.058264,1.5,6,1.9,1
2019-08-21 07:09:33.955459,1.6,7,2.2,2
2019-08-21 07:10:52.880491,1.7,7,2.2,2
2019-08-21 07:12:11.791088,1.7,7,2.4,2
2019-08-21 07:13:30.792135,1.7,7,2.3,2
2019-08-21 07:14:49.711443,1.8,8,3.6,3
2019-08-21 07:16:08.681789,1.7,7,3.8,3
2019-08-21 07:17:27.607591,1.2,5,1.5,1
2019-08-21 07:18:46.525305,1.7,7,2.3,2
2019-08-21 07:20:05.494293,1.4,6,1.7,1
2019-08-21 07:21:24.414227,1.4,6,1.7,1
2019-08-21 07:22:43.289414,1.4,6,1.5,1
2019-08-21 07:24:02.168856,1.7,7,2.5,2
2019-08-21 07:25:21.043233,1.8,8,2.6,2
2019-08-21 07:26:39.962893,1.7,7,2.1,2
2019-08-21 07:27:59.087057,1.7,7,3.4,3
2019-08-21 07:29:18.110805,1.7,7,2.1,2
2019-08-21 07:30:37.076260,1.6,7,2.9,2
2019-08-21 07:31:56.052727,1.7,7,2.4,2
2019-08-21 07:33:14.978790,1.6,7,2.0,2
2019-08-21 07:34:33.857630,1.7,7,2.6,2
2019-08-21 07:35:52.768755,1.7,7,2.1,2
2019-08-21 07:37:11.642030,1.6,7,2.0,2
2019-08-21 07:38:30.504654,1.6,7,1.9,1
2019-08-21 07:39:49.355310,1.5,6,2.7,2
2019-08-21 07:41:08.279266,1.7,7,2.0,2
2019-08-21 07:42:27.199875,1.5,6,1.7,1
2019-08-21 07:43:46.100673,1.8,8,2.9,2
2019-08-21 07:45:05.087143,1.5,6,1.9,1
2019-08-21 07:46:23.964147,1.5,6,2.9,2
2019-08-21 07:47:42.801864,1.6,7,2.4,2
2019-08-21 07:49:01.736368,1.6,7,1.9,1
2019-08-21 07:50:20.656088,1.6,7,2.6,2
2019-08-21 07:51:39.491765,1.6,7,3.4,3
2019-08-21 07:52:58.571990,1.4,6,1.5,1
2019-08-21 07:54:17.436737,1.6,7,2.1,2
2019-08-21 07:55:36.363749,1.4,6,2.8,2
2019-08-21 07:56:55.282169,1.5,6,1.9,1
2019-08-21 07:58:14.155680,1.6,7,1.9,1
2019-08-21 07:59:32.993993,1.4,6,1.7,1
2019-08-21 08:00:51.946267,1.5,6,1.7,1
2019-08-21 08:02:10.864170,1.4,6,1.6,1
2019-08-21 08:03:29.750736,1.6,7,2.1,2
2019-08-21 08:04:48.593624,1.4,6,2.0,2
2019-08-21 08:06:07.420848,1.6,7,2.7,2
2019-08-21 08:07:26.295049,1.3,5,1.6,1
2019-08-21 08:08:45.220006,1.7,7,2.8,2
2019-08-21 08:10:04.060468,1.6,7,3.6,3
2019-08-21 08:11:22.888699,1.4,6,2.3,2
2019-08-21 08:12:41.805830,1.4,6,1.9,1
2019-08-21 08:14:00.764143,1.6,7,1.8,1
2019-08-21 08:15:19.688386,1.4,6,2.4,2
2019-08-21 08:16:38.621534,1.4,6,1.7,1
2019-08-21 08:17:57.769745,1.5,6,2.3,2
2019-08-21 08:19:16.704489,1.4,6,2.6,2
2019-08-21 08:20:35.577558,1.2,5,1.3,1
2019-08-21 08:21:54.445705,1.4,6,1.5,1
2019-08-21 08:23:13.373141,1.4,6,2.5,2
2019-08-21 08:24:32.307362,1.5,6,1.7,1
2019-08-21 08:25:51.173671,1.7,7,2.0,2
2019-08-21 08:27:10.030375,1.7,7,2.6,2
2019-08-21 08:28:28.858799,1.3,5,2.3,2
2019-08-21 08:29:47.828922,1.5,6,1.9,1
2019-08-21 08:31:06.777737,1.3,5,2.2,2
2019-08-21 08:32:25.795148,1.7,7,2.0,2
2019-08-21 08:33:44.744567,1.4,6,1.6,1
2019-08-21 08:35:03.672310,1.7,7,2.3,2
2019-08-21 08:36:22.541411,1.6,7,2.1,2
2019-08-21 08:37:41.412885,1.5,6,1.9,1
2019-08-21 08:39:00.448907,1.8,8,3.8,3
2019-08-21 08:40:19.330825,1.6,7,2.0,2
2019-08-21 08:41:38.202610,1.9,8,2.8,2
2019-08-21 08:42:57.183556,1.7,7,2.4,2
2019-08-21 08:44:16.066154,1.6,7,2.9,2
2019-08-21 08:45:34.947744,1.5,6,1.6,1
2019-08-21 08:46:53.886893,1.7,7,1.9,1
2019-08-21 08:48:12.839096,1.7,7,2.1,2
2019-08-21 08:49:31.726544,1.5,6,2.1,2
2019-08-21 08:50:50.598633,1.6,7,2.0,2
2019-08-21 08:52:09.523979,1.8,8,4.0,4
2019-08-21 08:53:28.412095,1.6,7,2.3,2
2019-08-21 08:54:47.244767,1.5,6,1.8,1
2019-08-21 08:56:06.163453,1.9,8,2.9,2
2019-08-21 08:57:25.046070,1.7,7,2.6,2
2019-08-21 08:58:43.972093,1.6,7,2.2,2
2019-08-21 09:00:02.891806,1.7,7,2.8,2
2019-08-21 09:01:21.790018,1.7,7,4.4,4
2019-08-21 09:02:40.651327,1.6,7,2.3,2
2019-08-21 09:03:59.889053,1.6,7,1.9,1
2019-08-21 09:05:18.745655,1.6,7,2.2,2
2019-08-21 09:06:37.670876,1.4,6,1.9,1
2019-08-21 09:07:56.502570,1.7,7,2.5,2
2019-08-21 09:09:15.379501,1.8,8,2.6,2
2019-08-21 09:10:34.358438,1.8,8,2.4,2
2019-08-21 09:11:53.287278,1.8,8,2.3,2
2019-08-21 09:13:12.211640,1.9,8,3.1,3
2019-08-21 09:14:31.089724,1.7,7,2.2,2
2019-08-21 09:15:49.973896,1.8,8,2.1,2
2019-08-21 09:17:08.898195,1.6,7,2.3,2
2019-08-21 09:18:27.869112,1.8,8,2.5,2
2019-08-21 09:19:46.862613,1.6,7,2.1,2
2019-08-21 09:21:05.734233,1.7,7,2.4,2
2019-08-21 09:22:24.677750,1.9,8,2.1,2
2019-08-21 09:23:43.517721,1.6,7,1.9,1
2019-08-21 09:25:02.492397,1.6,7,2.3,2
2019-08-21 09:26:21.363133,1.5,6,2.1,2
2019-08-21 09:27:40.220833,1.5,6,1.6,1
2019-08-21 09:28:59.379844,1.9,8,2.6,2
2019-08-21 09:30:18.334919,1.9,8,2.3,2
2019-08-21 09:31:37.331194,1.7,7,1.8,1
2019-08-21 09:32:56.424493,1.9,8,2.8,2
2019-08-21 09:34:15.290453,1.9,8,3.3,3
2019-08-21 09:35:34.381659,1.9,8,2.8,2
2019-08-21 09:36:53.309986,2.2,9,4.8,4
2019-08-21 09:38:12.200872,1.9,8,2.4,2
2019-08-21 09:39:31.113884,1.7,7,2.3,2
2019-08-21 09:40:50.041337,1.8,8,4.1,4
2019-08-21 09:42:08.965062,1.9,8,3.1,3
2019-08-21 09:43:27.842542,2.0,8,3.4,3
2019-08-21 09:44:46.716441,1.8,8,2.4,2
2019-08-21 09:46:05.706423,1.8,8,4.8,4
2019-08-21 09:47:24.565354,1.8,8,2.8,2
2019-08-21 09:48:43.525076,2.1,9,4.6,4
2019-08-21 09:50:02.379067,2.1,9,3.1,3
2019-08-21 09:51:21.355057,2.0,8,2.4,2
2019-08-21 09:52:40.222177,2.3,10,3.5,3
2019-08-21 09:53:59.389261,2.2,9,5.6,5
2019-08-21 09:55:18.336701,2.1,9,4.0,4
2019-08-21 09:56:37.193405,2.0,8,3.5,3
2019-08-21 09:57:56.124926,1.8,8,4.2,4
2019-08-21 09:59:15.094791,1.7,7,2.5,2
2019-08-21 10:00:33.998681,2.3,10,7.5,6
2019-08-21 10:01:52.867430,3.0,12,18.3,17
2019-08-21 10:03:11.724233,3.3,14,9.2,8
2019-08-21 10:04:30.707152,2.5,10,8.6,7
2019-08-21 10:05:49.574326,2.6,11,9.7,8
2019-08-21 10:07:08.609066,2.8,12,7.6,6
2019-08-21 10:08:27.527910,2.8,12,9.4,8
2019-08-21 10:09:46.456763,2.6,11,11.6,10
2019-08-21 10:11:05.337523,2.7,11,5.8,5
2019-08-21 10:12:24.306864,3.0,12,11.8,10
2019-08-21 10:13:43.220503,2.7,11,7.1,6
2019-08-21 10:15:02.036911,3.0,12,9.3,8
2019-08-21 10:16:20.905651,2.4,10,7.6,6
2019-08-21 10:17:39.881540,2.6,11,7.2,6
2019-08-21 10:18:59.051869,2.5,10,5.4,5
2019-08-21 10:20:17.935051,3.0,12,7.4,6
2019-08-21 10:21:36.875615,2.9,12,7.0,6
2019-08-21 10:22:55.811111,3.0,12,6.4,6
2019-08-21 10:24:14.787959,3.3,14,11.6,10
2019-08-21 10:25:33.709868,3.3,14,10.6,9
2019-08-21 10:26:52.560086,2.7,11,6.3,6
2019-08-21 10:28:11.450835,3.3,14,9.9,8
2019-08-21 10:29:30.355392,2.9,12,5.4,5
2019-08-21 10:30:49.270454,3.0,12,5.4,5
2019-08-21 10:32:08.172830,2.8,12,7.1,6
2019-08-21 10:33:27.059980,2.8,12,7.4,6
2019-08-21 10:34:45.976461,3.0,12,9.8,8
2019-08-21 10:36:04.946366,3.0,12,6.6,6
2019-08-21 10:37:23.917969,2.8,12,8.2,7
2019-08-21 10:38:42.898455,3.0,12,7.9,6
2019-08-21 10:40:01.755830,3.1,13,5.6,5
2019-08-21 10:41:20.677342,2.7,11,6.0,6
2019-08-21 10:42:39.591143,2.9,12,4.7,4
2019-08-21 10:43:58.770875,2.9,12,7.0,6
2019-08-21 10:45:17.684476,2.6,11,4.8,4
2019-08-21 10:46:36.548388,3.1,13,9.9,8
2019-08-21 10:47:55.429483,2.8,12,9.9,8
2019-08-21 10:49:14.355581,3.1,13,6.3,6
2019-08-21 10:50:33.226989,2.5,10,5.1,5
2019-08-21 10:51:52.146727,2.6,11,8.6,7
2019-08-21 10:53:11.088381,2.9,12,8.5,7
2019-08-21 10:54:30.106658,2.4,10,3.8,3
2019-08-21 10:55:49.046463,3.6,15,7.8,6
2019-08-21 10:57:08.016192,2.8,12,4.7,4
2019-08-21 10:58:26.888241,2.8,12,4.7,4
2019-08-21 10:59:45.760887,2.7,11,3.9,3
2019-08-21 11:01:04.636043,2.7,11,5.0,5
2019-08-21 11:02:23.612137,3.0,12,6.7,6
2019-08-21 11:03:42.525577,3.0,12,7.5,6
2019-08-21 11:05:01.448785,2.9,12,6.4,6
2019-08-21 11:06:20.316764,2.8,12,9.0,8
2019-08-21 11:07:39.191018,2.7,11,6.5,6
2019-08-21 11:08:58.257884,3.1,13,6.5,6
2019-08-21 11:10:17.178800,2.7,11,5.2,5
2019-08-21 11:11:36.054145,3.4,14,10.3,9
2019-08-21 11:12:54.922202,2.5,10,3.9,3
2019-08-21 11:14:13.857485,2.7,11,7.7,6
2019-08-21 11:15:32.792787,2.6,11,5.5,5
2019-08-21 11:16:51.619024,2.9,12,6.0,6
2019-08-21 11:18:10.593548,2.9,12,4.9,4
2019-08-21 11:19:29.496032,2.4,10,3.2,3
2019-08-21 11:20:48.367182,2.8,12,4.9,4
2019-08-21 11:22:07.300316,2.6,11,4.8,4
2019-08-21 11:23:26.193441,3.3,14,7.0,6
2019-08-21 11:24:45.114865,2.5,10,5.3,5
2019-08-21 11:26:04.069010,3.0,12,4.5,4
2019-08-21 11:27:22.984832,2.9,12,6.4,6
2019-08-21 11:28:41.863844,2.5,10,4.7,4
2019-08-21 11:30:00.924420,2.5,10,5.6,5
2019-08-21 11:31:19.893389,3.0,12,5.2,5
2019-08-21 11:32:38.820392,2.7,11,4.5,4
2019-08-21 11:33:57.775975,2.6,11,6.5,6
2019-08-21 11:35:16.692861,3.1,13,5.3,5
2019-08-21 11:36:35.631796,2.6,11,3.7,3
2019-08-21 11:37:54.504251,2.7,11,5.3,5
2019-08-21 11:39:13.326464,2.6,11,4.7,4
2019-08-21 11:40:32.209213,2.3,10,3.7,3
2019-08-21 11:41:51.264383,2.5,10,3.2,3
2019-08-21 11:43:10.217852,2.8,12,7.9,6
2019-08-21 11:44:29.139526,2.5,10,4.6,4
2019-08-21 11:45:48.043119,2.7,11,4.9,4
2019-08-21 11:47:06.970319,3.0,12,8.7,7
2019-08-21 11:48:25.847328,2.8,12,4.8,4
2019-08-21 11:49:44.729977,2.8,12,4.2,4
2019-08-21 11:51:03.715461,2.7,11,4.8,4
2019-08-21 11:52:22.626290,3.1,13,8.5,7
2019-08-21 11:53:41.539872,2.4,10,3.7,3
2019-08-21 11:55:00.524690,2.7,11,3.6,3
2019-08-21 11:56:19.380961,2.9,12,7.2,6
2019-08-21 11:57:38.345739,3.0,12,6.2,6
2019-08-21 11:58:57.348694,2.8,12,5.4,5
2019-08-21 12:00:16.231441,3.0,12,5.7,5
2019-08-21 12:01:35.106300,2.6,11,3.9,3
2019-08-21 12:02:53.988958,2.4,10,3.6,3
2019-08-21 12:04:12.934121,2.6,11,4.6,4
2019-08-21 12:05:31.836166,2.5,10,4.4,4
2019-08-21 12:06:50.732790,2.4,10,3.9,3
2019-08-21 12:08:09.754106,2.3,10,5.7,5
2019-08-21 12:09:28.634067,2.4,10,4.7,4
2019-08-21 12:10:47.507253,2.5,10,4.5,4
2019-08-21 12:12:06.320677,2.5,10,5.4,5
2019-08-21 12:13:25.199255,2.5,10,4.0,4
2019-08-21 12:14:44.112387,2.4,10,4.6,4
2019-08-21 12:16:02.971609,2.5,10,4.7,4
2019-08-21 12:17:21.848809,2.1,9,6.2,6
2019-08-21 12:18:40.662922,2.2,9,3.1,3
2019-08-21 12:19:59.695053,2.4,10,4.1,4
2019-08-21 12:21:18.622265,2.6,11,4.2,4
2019-08-21 12:22:37.487239,2.3,10,3.2,3
2019-08-21 12:23:56.409487,2.3,10,4.3,4
2019-08-21 12:25:15.241223,2.1,9,3.4,3
2019-08-21 12:26:34.065966,2.5,10,5.8,5
2019-08-21 12:27:52.945394,3.2,13,16.5,15
2019-08-21 12:29:11.880068,6.0,25,27.1,25
2019-08-21 12:30:30.812981,7.5,31,62.3,54
2019-08-21 12:31:49.733294,7.4,31,41.2,38
2019-08-21 12:33:08.703166,6.4,27,41.2,38
2019-08-21 12:34:27.627028,6.5,27,51.5,47
2019-08-21 12:35:46.545988,8.1,34,38.8,35
2019-08-21 12:37:05.431027,8.0,33,40.3,37
2019-08-21 12:38:24.458601,8.0,33,30.6,28
2019-08-21 12:39:43.405741,8.3,35,30.0,28
2019-08-21 12:41:02.288616,8.8,37,35.8,32
2019-08-21 12:42:21.157460,8.4,35,32.3,30
2019-08-21 12:43:40.129585,8.8,37,31.1,29
2019-08-21 12:44:59.361788,8.8,37,29.5,27
2019-08-21 12:46:18.246740,9.8,41,57.2,52
2019-08-21 12:47:37.119513,9.5,40,33.0,31
2019-08-21 12:48:56.001509,8.7,36,25.1,23
2019-08-21 12:50:14.925098,9.0,38,28.5,26
2019-08-21 12:51:33.843576,11.2,47,34.4,31
2019-08-21 12:52:52.819303,10.4,43,35.6,32
2019-08-21 12:54:11.707702,10.0,42,37.2,34
2019-08-21 12:55:30.625981,9.9,41,31.7,29
2019-08-21 12:56:49.548253,9.8,41,23.9,21
2019-08-21 12:58:08.419340,10.6,44,39.1,36
2019-08-21 12:59:27.296548,9.8,41,29.3,27
2019-08-21 13:00:46.227575,11.2,47,31.5,29
2019-08-21 13:02:05.110115,11.3,47,31.8,29
2019-08-21 13:03:23.980970,11.2,47,31.7,29
2019-08-21 13:04:42.883691,10.8,45,27.6,25
2019-08-21 13:06:01.824482,10.5,44,22.0,20
2019-08-21 13:07:20.755240,10.3,43,22.0,20
2019-08-21 13:08:39.756878,10.3,43,23.7,21
2019-08-21 13:09:58.879654,10.9,45,28.5,26
2019-08-21 13:11:17.771382,10.1,42,26.0,24
2019-08-21 13:12:36.620612,10.0,42,19.6,18
2019-08-21 13:13:55.500441,10.5,44,23.7,21
2019-08-21 13:15:14.426093,11.6,48,27.9,25
2019-08-21 13:16:33.403958,11.4,48,36.7,33
2019-08-21 13:17:52.293833,12.6,52,68.5,57
2019-08-21 13:19:11.175021,11.4,48,47.4,44
2019-08-21 13:20:29.999553,11.0,46,33.7,31
2019-08-21 13:21:48.885822,11.3,47,40.6,37
2019-08-21 13:23:07.744633,11.5,48,46.2,43
2019-08-21 13:24:26.669659,10.9,45,28.2,26
2019-08-21 13:25:45.589388,12.2,51,50.3,46
2019-08-21 13:27:04.519601,10.9,45,39.5,36
2019-08-21 13:28:23.440961,10.1,42,24.4,22
2019-08-21 13:29:42.305136,10.8,45,28.7,26
2019-08-21 13:31:01.222132,9.5,40,20.2,19
2019-08-21 13:32:20.201333,10.1,42,28.0,26
2019-08-21 13:33:39.078685,11.0,46,31.4,29
2019-08-21 13:34:58.171182,10.4,43,39.3,36
2019-08-21 13:36:17.001381,10.3,43,24.8,22
2019-08-21 13:37:35.901175,13.1,53,96.6,71
2019-08-21 13:38:54.887222,12.4,52,61.5,54
2019-08-21 13:40:13.797149,11.7,49,47.5,44
2019-08-21 13:41:32.673357,10.5,44,35.2,32
2019-08-21 13:42:51.539333,9.5,40,30.9,28
2019-08-21 13:44:10.417076,10.9,45,51.2,47
2019-08-21 13:45:29.257322,10.0,42,38.0,35
2019-08-21 13:46:48.150211,10.0,42,41.1,38
2019-08-21 13:48:07.091310,9.0,38,39.7,36
2019-08-21 13:49:25.975825,9.8,41,30.1,28
2019-08-21 13:50:44.811054,10.0,42,33.2,31
2019-08-21 13:52:03.787294,10.0,42,27.9,25
2019-08-21 13:53:22.665116,10.1,42,33.2,31
2019-08-21 13:54:41.576693,10.2,42,34.1,31
2019-08-21 13:56:00.604509,10.1,42,26.5,24
2019-08-21 13:57:19.577015,8.9,37,26.0,24
2019-08-21 13:58:38.449058,9.3,39,29.2,27
2019-08-21 13:59:57.463983,9.1,38,24.0,22
2019-08-21 14:01:16.298345,9.6,40,23.1,21
2019-08-21 14:02:35.149684,9.6,40,26.3,24
2019-08-21 14:03:54.037850,8.8,37,23.1,21
2019-08-21 14:05:12.940876,10.5,44,30.2,28
2019-08-21 14:06:31.767605,9.3,39,21.6,19
2019-08-21 14:07:50.738745,8.9,37,24.0,22
2019-08-21 14:09:09.744501,9.4,39,23.9,21
2019-08-21 14:10:28.638022,9.8,41,27.2,25
2019-08-21 14:11:47.489469,8.5,35,24.9,22
2019-08-21 14:13:06.368497,10.0,42,30.1,28
2019-08-21 14:14:25.245623,9.5,40,19.3,18
2019-08-21 14:15:44.222545,9.3,39,21.6,19
2019-08-21 14:17:03.044654,11.3,47,63.7,55
2019-08-21 14:18:21.929207,9.5,40,36.2,33
2019-08-21 14:19:40.911083,10.2,42,37.7,34
2019-08-21 14:20:59.941005,9.4,39,31.7,29
2019-08-21 14:22:18.812159,8.8,37,23.9,21
2019-08-21 14:23:37.658533,8.9,37,24.6,22
2019-08-21 14:24:56.543469,9.3,39,27.0,25
2019-08-21 14:26:15.542995,9.6,40,25.1,23
2019-08-21 14:27:34.472508,9.4,39,30.6,28
2019-08-21 14:28:53.382106,9.9,41,27.2,25
2019-08-21 14:30:12.296868,10.4,43,23.6,21
2019-08-21 14:31:31.171726,8.8,37,22.6,20
2019-08-21 14:32:50.068620,9.2,38,20.9,19
2019-08-21 14:34:08.950199,9.6,40,34.6,31
2019-08-21 14:35:27.825449,9.8,41,34.9,31
2019-08-21 14:36:46.697700,9.9,41,27.9,25
2019-08-21 14:38:05.580050,9.1,38,28.2,26
2019-08-21 14:39:24.508168,8.8,37,19.8,18
2019-08-21 14:40:43.385449,8.1,34,17.0,16
2019-08-21 14:42:02.295362,7.9,33,19.9,18
2019-08-21 14:43:21.207704,9.4,39,20.1,19
2019-08-21 14:44:40.136799,8.3,35,20.9,19
2019-08-21 14:46:04.259631,7.8,32,19.6,18
2019-08-21 14:47:23.120276,8.1,34,20.4,19
2019-08-21 14:48:42.039491,8.9,37,19.4,18
2019-08-21 14:50:01.091398,11.1,46,40.5,37
2019-08-21 14:51:20.126137,13.4,54,63.1,55
2019-08-21 14:52:38.994798,11.1,46,43.6,40
2019-08-21 14:53:57.937539,15.3,58,74.7,60
2019-08-21 14:55:16.875734,14.6,56,78.8,62
2019-08-21 14:56:35.842032,15.1,57,77.2,62
2019-08-21 14:57:54.773470,14.6,56,83.6,65
2019-08-21 14:59:13.697694,16.9,61,94.9,70
2019-08-21 15:00:32.596958,16.5,60,104.7,75
2019-08-21 15:01:51.520582,17.1,62,79.8,63
2019-08-21 15:03:10.438986,16.1,59,80.6,63
2019-08-21 15:04:29.366987,15.2,58,63.4,55
2019-08-21 15:05:48.345881,15.0,57,62.2,54
2019-08-21 15:07:07.286440,15.2,58,56.6,51
2019-08-21 15:08:26.158425,13.7,54,47.6,44
2019-08-21 15:09:45.028410,14.6,56,54.3,50
2019-08-21 15:11:03.934790,14.8,57,54.5,50
2019-08-21 15:12:22.880436,13.3,54,61.2,54
2019-08-21 15:13:41.753128,14.3,56,58.5,52
2019-08-21 15:15:00.866804,15.9,59,103.3,75
2019-08-21 15:16:19.737670,12.7,52,56.4,51
2019-08-21 15:17:38.628825,13.8,55,52.3,48
2019-08-21 15:18:57.507252,13.6,54,43.6,40
2019-08-21 15:20:16.399172,15.2,58,58.7,52
2019-08-21 15:21:35.330317,13.5,54,52.6,48
2019-08-21 15:22:54.253277,13.5,54,56.3,51
2019-08-21 15:24:13.145880,13.3,54,60.6,53
2019-08-21 15:25:32.022064,12.8,52,54.5,50
2019-08-21 15:26:50.941768,12.9,53,46.5,43
2019-08-21 15:28:09.928665,12.7,52,40.2,37
2019-08-21 15:29:28.802284,14.3,56,61.4,54
2019-08-21 15:30:47.778541,13.7,54,56.4,51
2019-08-21 15:32:06.700498,12.8,52,45.3,42
2019-08-21 15:33:25.577301,12.4,52,36.0,33
2019-08-21 15:34:44.481640,12.4,52,38.4,35
2019-08-21 15:36:03.547957,11.5,48,40.0,37
2019-08-21 15:37:22.453121,13.0,53,52.9,48
2019-08-21 15:38:41.403787,12.5,52,46.5,43
2019-08-21 15:40:00.597000,12.5,52,43.9,40
2019-08-21 15:41:19.520638,12.0,50,42.7,39
2019-08-21 15:42:38.360322,12.4,52,54.1,50
2019-08-21 15:43:57.402293,13.0,53,33.2,31
2019-08-21 15:45:16.278808,12.4,52,42.2,39
2019-08-21 15:46:35.201449,11.7,49,36.9,33
2019-08-21 15:47:54.178613,13.7,54,44.3,41
2019-08-21 15:49:13.102605,12.5,52,33.5,31
2019-08-21 15:50:32.092276,11.6,48,36.6,33
2019-08-21 15:51:50.971705,12.2,51,30.0,28
2019-08-21 15:53:09.853655,12.1,51,39.5,36
2019-08-21 15:54:28.813228,13.0,53,45.8,42
2019-08-21 15:55:47.686698,12.0,50,41.7,38
2019-08-21 15:57:06.617100,12.3,51,39.3,36
2019-08-21 15:58:25.510053,12.1,51,37.2,34
2019-08-21 15:59:44.444071,12.2,51,32.8,30
2019-08-21 16:01:03.279111,11.9,50,37.8,34
2019-08-21 16:02:22.208594,13.4,54,39.5,36
2019-08-21 16:03:41.138318,12.8,52,35.7,32
2019-08-21 16:05:00.229284,12.8,52,34.2,31
2019-08-21 16:06:19.177744,12.2,51,39.0,36
2019-08-21 16:07:38.059316,11.9,50,32.1,30
2019-08-21 16:08:57.014312,13.0,53,39.4,36
2019-08-21 16:10:16.019853,13.0,53,32.4,30
2019-08-21 16:11:34.924324,12.5,52,34.1,31
2019-08-21 16:12:53.780210,13.0,53,43.9,40
2019-08-21 16:14:12.649981,12.9,53,41.8,38
2019-08-21 16:15:31.507377,13.0,53,40.2,37
2019-08-21 16:16:50.426012,12.2,51,34.7,31
2019-08-21 16:18:09.299195,11.9,50,37.1,34
2019-08-21 16:19:28.184842,12.1,51,41.5,38
2019-08-21 16:20:47.057795,12.5,52,33.9,31
2019-08-21 16:22:06.013337,11.9,50,31.1,29
2019-08-21 16:23:24.930882,12.6,52,36.0,33
2019-08-21 16:24:43.807944,11.9,50,26.9,24
2019-08-21 16:26:02.813332,13.1,53,29.9,27
2019-08-21 16:27:21.696700,13.3,54,33.2,31
2019-08-21 16:28:40.584980,12.9,53,34.0,31
2019-08-21 16:29:59.722391,12.6,52,30.8,28
2019-08-21 16:31:18.633240,12.1,51,30.1,28
2019-08-21 16:32:37.540147,12.6,52,33.1,31
2019-08-21 16:33:56.418243,13.3,54,32.8,30
2019-08-21 16:35:15.299176,11.3,47,26.5,24
2019-08-21 16:36:34.171188,12.8,52,52.1,48
2019-08-21 16:37:53.104004,16.0,59,58.7,52
2019-08-21 16:39:12.133474,16.7,61,49.6,45
2019-08-21 16:40:31.029051,14.9,57,43.8,40
2019-08-21 16:41:50.013158,15.1,57,40.4,37
2019-08-21 16:43:08.941029,13.5,54,39.1,36
2019-08-21 16:44:27.878158,13.7,54,32.0,30
2019-08-21 16:45:46.770225,13.4,54,47.1,44
2019-08-21 16:47:05.745200,13.4,54,37.1,34
2019-08-21 16:48:24.675784,12.3,51,37.9,34
2019-08-21 16:49:43.500498,13.1,53,51.4,47
2019-08-21 16:51:02.430644,12.7,52,35.3,32
2019-08-21 16:52:21.378471,12.9,53,49.4,45
2019-08-21 16:53:40.242538,12.8,52,39.0,36
2019-08-21 16:54:59.384680,13.0,53,35.3,32
2019-08-21 16:56:18.260516,12.1,51,28.0,26
2019-08-21 16:57:37.147187,11.7,49,27.8,25
2019-08-21 16:58:56.044108,11.7,49,29.8,27
2019-08-21 17:00:14.927357,12.5,52,26.9,24
2019-08-21 17:01:33.809165,12.5,52,29.8,27
2019-08-21 17:02:52.684992,14.0,55,28.1,26
2019-08-21 17:04:11.525071,13.1,53,31.2,29
2019-08-21 17:05:30.396768,12.5,52,35.5,32
2019-08-21 17:06:49.277749,12.8,52,38.5,35
2019-08-21 17:08:08.213011,12.8,52,34.7,31
2019-08-21 17:09:27.211556,12.0,50,27.9,25
2019-08-21 17:10:46.129242,12.2,51,26.1,24
2019-08-21 17:12:05.048947,13.0,53,34.4,31
2019-08-21 17:13:23.960188,12.2,51,27.6,25
2019-08-21 17:14:42.827095,11.9,50,25.4,23
2019-08-21 17:16:01.731124,12.2,51,35.3,32
2019-08-21 17:17:20.622468,12.2,51,26.1,24
2019-08-21 17:18:39.526962,13.3,54,28.5,26
2019-08-21 17:19:58.705718,12.3,51,31.5,29
2019-08-21 17:21:17.631374,11.5,48,24.0,22
2019-08-21 17:22:36.556718,11.5,48,23.8,21
2019-08-21 17:23:55.454313,12.3,51,26.8,24
2019-08-21 17:25:14.336615,12.6,52,27.5,25
2019-08-21 17:26:33.150398,12.0,50,22.4,20
2019-08-21 17:27:51.983164,12.1,51,32.4,30
2019-08-21 17:29:10.911367,12.3,51,27.1,25
2019-08-21 17:30:29.802856,12.4,52,21.8,19
2019-08-21 17:31:48.700551,11.6,48,23.7,21
2019-08-21 17:33:07.602118,12.5,52,24.4,22
2019-08-21 17:34:26.484518,11.9,50,26.7,24
2019-08-21 17:35:45.356555,12.0,50,30.5,28
2019-08-21 17:37:04.239907,12.7,52,33.7,31
2019-08-21 17:38:23.172611,11.7,49,30.0,28
2019-08-21 17:39:42.051610,11.8,49,30.8,28
2019-08-21 17:41:01.054014,12.7,52,30.4,28
2019-08-21 17:42:19.981334,10.8,45,30.5,28
2019-08-21 17:43:38.868180,11.4,48,26.8,24
2019-08-21 17:44:58.112744,11.7,49,29.0,27
2019-08-21 17:46:21.577530,11.7,49,26.3,24
2019-08-21 17:47:41.383737,11.1,46,21.6,19
2019-08-21 17:49:00.490871,11.3,47,23.7,21
2019-08-21 17:50:19.413195,11.0,46,26.9,24
2019-08-21 17:51:38.327678,11.0,46,22.3,20
2019-08-21 17:52:57.240076,12.3,51,33.1,31
2019-08-21 17:54:16.114209,11.2,47,18.8,17
2019-08-21 17:55:35.035011,11.7,49,34.6,31
2019-08-21 17:56:53.958593,11.1,46,25.2,23
2019-08-21 17:58:12.832800,11.6,48,26.9,24
2019-08-21 17:59:31.761696,11.6,48,22.5,20
2019-08-21 18:00:50.687561,11.4,48,30.7,28
2019-08-21 18:02:09.563044,11.6,48,23.5,21
2019-08-21 18:03:28.615659,10.8,45,23.4,21
2019-08-21 18:04:47.529651,11.4,48,24.8,22
2019-08-21 18:06:06.414190,11.6,48,29.1,27
2019-08-21 18:07:25.280445,11.4,48,22.8,20
2019-08-21 18:08:44.229856,12.5,52,25.8,23
2019-08-21 18:10:03.184617,11.2,47,25.4,23
2019-08-21 18:11:22.056214,12.0,50,27.0,25
2019-08-21 18:12:40.939664,11.0,46,20.2,19
2019-08-21 18:14:00.008006,11.0,46,25.9,23
2019-08-21 18:15:18.934006,10.7,45,27.7,25
2019-08-21 18:16:37.876351,11.8,49,27.3,25
2019-08-21 18:17:56.805615,11.7,49,23.7,21
2019-08-21 18:19:15.685467,10.1,42,23.7,21
2019-08-21 18:20:34.558966,10.9,45,25.8,23
2019-08-21 18:21:53.434144,11.2,47,21.4,19
2019-08-21 18:23:12.363768,10.4,43,23.6,21
2019-08-21 18:24:31.258973,9.8,41,18.1,17
2019-08-21 18:25:50.126627,10.6,44,21.0,19
2019-08-21 18:27:08.994081,10.9,45,22.2,20
2019-08-21 18:28:27.922725,10.8,45,22.1,20
2019-08-21 18:29:46.756275,10.6,44,20.7,19
2019-08-21 18:31:05.687614,10.7,45,20.8,19
2019-08-21 18:32:24.676060,11.6,48,22.9,20
2019-08-21 18:33:43.645091,10.2,42,18.4,17
2019-08-21 18:35:02.552180,10.7,45,20.3,19
2019-08-21 18:36:21.472358,10.7,45,21.8,19
2019-08-21 18:37:40.313646,10.3,43,20.3,19
2019-08-21 18:38:59.326321,12.1,51,40.7,37
2019-08-21 18:40:18.298808,11.0,46,22.0,20
2019-08-21 18:41:37.267793,12.3,51,37.7,34
2019-08-21 18:42:56.154024,10.7,45,24.3,22
2019-08-21 18:44:15.062036,10.9,45,25.4,23
2019-08-21 18:45:33.932518,10.2,42,20.0,19
2019-08-21 18:46:52.841464,11.4,48,25.4,23
2019-08-21 18:48:11.869538,10.2,42,19.1,18
